row_id,split
0,train
1,train
2,train
3,train
4,train
5,train
6,train
7,train
8,train
9,train
10,train
11,train
12,train
13,train
14,train
15,train
16,train
17,train
18,train
19,train
20,train
21,train
22,train
23,train
24,train
25,train
26,train
27,train
28,train
29,train
30,train
31,train
32,train
33,train
34,train
35,train
36,train
37,train
38,train
39,train
40,train
41,train
42,train
43,train
44,train
45,train
46,train
47,train
48,train
49,train
50,train
51,train
52,train
53,train
54,train
55,train
56,train
57,train
58,train
59,train
60,train
61,train
62,train
63,train
64,train
65,train
66,train
67,train
68,train
69,train
70,train
71,train
72,train
73,train
74,train
75,train
76,train
77,train
78,train
79,train
80,train
81,train
82,train
83,train
84,train
85,train
86,train
87,train
88,train
89,train
90,train
91,train
92,train
93,train
94,train
95,train
96,train
97,train
98,train
99,train
100,train
101,train
102,train
103,train
104,train
105,train
106,train
107,train
108,train
109,train
110,train
111,train
112,train
113,train
114,train
115,train
116,train
117,train
118,train
119,train
120,train
121,train
122,train
123,train
124,train
125,train
126,train
127,train
128,train
129,train
130,train
131,train
132,train
133,train
134,train
135,train
136,train
137,train
138,train
139,train
140,train
141,train
142,train
143,train
144,train
145,train
146,train
147,train
148,train
149,train
150,train
151,train
152,train
153,train
154,train
155,train
156,train
157,train
158,train
159,train
160,train
161,train
162,train
163,train
164,train
165,train
166,train
167,train
168,train
169,train
170,train
171,train
172,train
173,train
174,train
175,train
176,train
177,train
178,train
179,train
180,train
181,train
182,train
183,train
184,train
185,train
186,train
187,train
188,train
189,train
190,train
191,train
192,train
193,train
194,train
195,train
196,train
197,train
198,train
199,train
200,train
201,train
202,train
203,train
204,train
205,train
206,train
207,train
208,train
209,train
210,train
211,train
212,train
213,train
214,train
215,train
216,train
217,train
218,train
219,train
220,train
221,train
222,train
223,train
224,train
225,train
226,train
227,train
228,train
229,train
230,train
231,train
232,train
233,train
234,train
235,train
236,train
237,train
238,train
239,train
240,train
241,train
242,train
243,train
244,train
245,train
246,train
247,train
248,train
249,train
250,train
251,train
252,train
253,train
254,train
255,train
256,train
257,train
258,train
259,train
260,train
261,train
262,train
263,train
264,train
265,train
266,train
267,train
268,train
269,train
270,train
271,train
272,train
273,train
274,train
275,train
276,train
277,train
278,train
279,train
280,train
281,train
282,train
283,train
284,train
285,train
286,train
287,train
288,train
289,train
290,train
291,train
292,train
293,train
294,train
295,train
296,train
297,train
298,train
299,train
300,train
301,train
302,train
303,train
304,train
305,train
306,train
307,train
308,train
309,train
310,train
311,train
312,train
313,train
314,train
315,train
316,train
317,train
318,train
319,train
320,train
321,train
322,train
323,train
324,train
325,train
326,train
327,train
328,train
329,train
330,train
331,train
332,train
333,train
334,train
335,train
336,train
337,train
338,train
339,train
340,train
341,train
342,train
343,train
344,train
345,train
346,train
347,train
348,train
349,train
350,train
351,train
352,train
353,train
354,train
355,train
356,train
357,train
358,train
359,train
360,train
361,train
362,train
363,train
364,train
365,train
366,train
367,train
368,train
369,train
370,train
371,train
372,train
373,train
374,train
375,train
376,train
377,train
378,train
379,train
380,train
381,train
382,train
383,train
384,train
385,train
386,train
387,train
388,train
389,train
390,train
391,train
392,train
393,train
394,train
395,train
396,train
397,train
398,train
399,train
400,train
401,train
402,train
403,train
404,train
405,train
406,train
407,train
408,train
409,train
410,train
411,train
412,train
413,train
414,train
415,train
416,train
417,train
418,train
419,train
420,train
421,train
422,train
423,train
424,train
425,train
426,train
427,train
428,train
429,train
430,train
431,train
432,train
433,train
434,train
435,train
436,train
437,train
438,train
439,train
440,train
441,train
442,train
443,train
444,train
445,train
446,train
447,train
448,train
449,train
450,train
451,train
452,train
453,train
454,train
455,train
456,train
457,train
458,train
459,train
460,train
461,train
462,train
463,train
464,train
465,train
466,train
467,train
468,train
469,train
470,train
471,train
472,train
473,train
474,train
475,train
476,train
477,train
478,train
479,train
480,train
481,train
482,train
483,train
484,train
485,train
486,train
487,train
488,train
489,train
490,train
491,train
492,train
493,train
494,train
495,train
496,train
497,train
498,train
499,train
500,train
501,train
502,train
503,train
504,train
505,train
506,train
507,train
508,train
509,train
510,train
511,train
512,train
513,train
514,train
515,train
516,train
517,train
518,train
519,train
520,train
521,train
522,train
523,train
524,train
525,train
526,train
527,train
528,train
529,train
530,train
531,train
532,train
533,train
534,train
535,train
536,train
537,train
538,train
539,train
540,train
541,train
542,train
543,train
544,train
545,train
546,train
547,train
548,train
549,train
550,train
551,train
552,train
553,train
554,train
555,train
556,train
557,train
558,train
559,train
560,train
561,train
562,train
563,train
564,train
565,train
566,train
567,train
568,train
569,train
570,train
571,train
572,train
573,train
574,train
575,train
576,train
577,train
578,train
579,train
580,train
581,train
582,train
583,train
584,train
585,train
586,train
587,train
588,train
589,train
590,train
591,train
592,train
593,train
594,train
595,train
596,train
597,train
598,train
599,train
600,train
601,train
602,train
603,train
604,train
605,train
606,train
607,train
608,train
609,train
610,train
611,train
612,train
613,train
614,train
615,train
616,train
617,train
618,train
619,train
620,train
621,train
622,train
623,train
624,train
625,train
626,train
627,train
628,train
629,train
630,train
631,train
632,train
633,train
634,train
635,train
636,train
637,train
638,train
639,train
640,train
641,train
642,train
643,train
644,train
645,train
646,train
647,train
648,train
649,train
650,train
651,train
652,train
653,train
654,train
655,train
656,train
657,train
658,train
659,train
660,train
661,train
662,train
663,train
664,train
665,train
666,train
667,train
668,train
669,train
670,train
671,train
672,train
673,train
674,train
675,train
676,train
677,train
678,train
679,train
680,train
681,train
682,train
683,train
684,train
685,train
686,train
687,train
688,train
689,train
690,train
691,train
692,train
693,train
694,train
695,train
696,train
697,train
698,train
699,train
700,train
701,train
702,train
703,train
704,train
705,train
706,train
707,train
708,train
709,train
710,train
711,train
712,train
713,train
714,train
715,train
716,train
717,train
718,train
719,train
720,train
721,train
722,train
723,train
724,train
725,train
726,train
727,train
728,train
729,train
730,train
731,train
732,train
733,train
734,train
735,train
736,train
737,train
738,train
739,train
740,train
741,train
742,train
743,train
744,train
745,train
746,train
747,train
748,train
749,train
750,train
751,train
752,train
753,train
754,train
755,train
756,train
757,train
758,train
759,train
760,train
761,train
762,train
763,train
764,train
765,train
766,train
767,train
768,train
769,train
770,train
771,train
772,train
773,train
774,train
775,train
776,train
777,train
778,train
779,train
780,train
781,train
782,train
783,train
784,train
785,train
786,train
787,train
788,train
789,train
790,train
791,train
792,train
793,train
794,train
795,train
796,train
797,train
798,train
799,train
800,train
801,train
802,train
803,train
804,train
805,train
806,train
807,train
808,train
809,train
810,train
811,train
812,train
813,train
814,train
815,train
816,train
817,train
818,train
819,train
820,train
821,train
822,train
823,train
824,train
825,train
826,train
827,train
828,train
829,train
830,train
831,train
832,train
833,train
834,train
835,train
836,train
837,train
838,train
839,train
840,train
841,train
842,train
843,train
844,train
845,train
846,train
847,train
848,train
849,train
850,train
851,train
852,train
853,train
854,train
855,train
856,train
857,train
858,train
859,train
860,train
861,train
862,train
863,train
864,train
865,train
866,train
867,train
868,train
869,train
870,train
871,train
872,train
873,train
874,train
875,train
876,train
877,train
878,train
879,train
880,train
881,train
882,train
883,train
884,train
885,train
886,train
887,train
888,train
889,train
890,train
891,train
892,train
893,train
894,train
895,train
896,train
897,train
898,train
899,train
900,train
901,train
902,train
903,train
904,train
905,train
906,train
907,train
908,train
909,train
910,train
911,train
912,train
913,train
914,train
915,train
916,train
917,train
918,train
919,train
920,train
921,train
922,train
923,train
924,train
925,train
926,train
927,train
928,train
929,train
930,train
931,train
932,train
933,train
934,train
935,train
936,train
937,train
938,train
939,train
940,train
941,train
942,train
943,train
944,train
945,train
946,train
947,train
948,train
949,train
950,train
951,train
952,train
953,train
954,train
955,train
956,train
957,train
958,train
959,train
960,train
961,train
962,train
963,train
964,train
965,train
966,train
967,train
968,train
969,train
970,train
971,train
972,train
973,train
974,train
975,train
976,train
977,train
978,train
979,train
980,train
981,train
982,train
983,train
984,train
985,train
986,train
987,train
988,train
989,train
990,train
991,train
992,train
993,train
994,train
995,train
996,train
997,train
998,train
999,train
1000,train
1001,train
1002,train
1003,train
1004,train
1005,train
1006,train
1007,train
1008,train
1009,train
1010,train
1011,train
1012,train
1013,train
1014,train
1015,train
1016,train
1017,train
1018,train
1019,train
1020,train
1021,train
1022,train
1023,train
1024,train
1025,train
1026,train
1027,train
1028,train
1029,train
1030,train
1031,train
1032,train
1033,train
1034,train
1035,train
1036,train
1037,train
1038,train
1039,train
1040,train
1041,train
1042,train
1043,train
1044,train
1045,train
1046,train
1047,train
1048,train
1049,train
1050,train
1051,train
1052,train
1053,train
1054,train
1055,train
1056,train
1057,train
1058,train
1059,train
1060,train
1061,train
1062,train
1063,train
1064,train
1065,train
1066,train
1067,train
1068,train
1069,train
1070,train
1071,train
1072,train
1073,train
1074,train
1075,train
1076,train
1077,train
1078,train
1079,train
1080,train
1081,train
1082,train
1083,train
1084,train
1085,train
1086,train
1087,train
1088,train
1089,train
1090,train
1091,train
1092,train
1093,train
1094,train
1095,train
1096,train
1097,train
1098,train
1099,train
1100,train
1101,train
1102,train
1103,train
1104,train
1105,train
1106,train
1107,train
1108,train
1109,train
1110,train
1111,train
1112,train
1113,train
1114,train
1115,train
1116,train
1117,train
1118,train
1119,train
1120,train
1121,train
1122,train
1123,train
1124,train
1125,train
1126,train
1127,train
1128,train
1129,train
1130,train
1131,train
1132,train
1133,train
1134,train
1135,train
1136,train
1137,train
1138,train
1139,train
1140,train
1141,train
1142,train
1143,train
1144,train
1145,train
1146,train
1147,train
1148,train
1149,train
1150,train
1151,train
1152,train
1153,train
1154,train
1155,train
1156,train
1157,train
1158,train
1159,train
1160,train
1161,train
1162,train
1163,train
1164,train
1165,train
1166,train
1167,train
1168,train
1169,train
1170,train
1171,train
1172,train
1173,train
1174,train
1175,train
1176,train
1177,train
1178,train
1179,train
1180,train
1181,train
1182,train
1183,train
1184,train
1185,train
1186,train
1187,train
1188,train
1189,train
1190,train
1191,train
1192,train
1193,train
1194,train
1195,train
1196,train
1197,train
1198,train
1199,train
1200,train
1201,train
1202,train
1203,test
1204,test
1205,test
1206,test
1207,test
1208,test
1209,test
1210,test
1211,test
1212,test
1213,test
1214,test
1215,test
1216,test
1217,test
1218,test
1219,test
1220,test
1221,test
1222,test
1223,test
1224,test
1225,test
1226,test
1227,test
1228,test
1229,test
1230,test
1231,test
1232,test
1233,test
1234,test
1235,test
1236,test
1237,test
1238,test
1239,test
1240,test
1241,test
1242,test
1243,test
1244,test
1245,test
1246,test
1247,test
1248,test
1249,test
1250,test
1251,test
1252,test
1253,test
1254,test
1255,test
1256,test
1257,test
1258,test
1259,test
1260,test
1261,test
1262,test
1263,test
1264,test
1265,test
1266,test
1267,test
1268,test
1269,test
1270,test
1271,test
1272,test
1273,test
1274,test
1275,test
1276,test
1277,test
1278,test
1279,test
1280,test
1281,test
1282,test
1283,test
1284,test
1285,test
1286,test
1287,test
1288,test
1289,test
1290,test
1291,test
1292,test
1293,test
1294,test
1295,test
1296,test
1297,test
1298,test
1299,test
1300,test
1301,test
1302,test
1303,test
1304,test
1305,test
1306,test
1307,test
1308,test
1309,test
1310,test
1311,test
1312,test
1313,test
1314,test
1315,test
1316,test
1317,test
1318,test
1319,test
1320,test
1321,test
1322,test
1323,test
1324,test
1325,test
1326,test
1327,test
1328,test
1329,test
1330,test
1331,test
1332,test
1333,test
1334,test
1335,test
1336,test
1337,test
1338,test
1339,test
1340,test
1341,test
1342,test
1343,test
1344,test
1345,test
1346,test
1347,test
1348,test
1349,test
1350,test
1351,test
1352,test
1353,test
1354,test
1355,test
1356,test
1357,test
1358,test
1359,test
1360,test
1361,test
1362,test
1363,test
1364,test
1365,test
1366,test
1367,test
1368,test
1369,test
1370,test
1371,test
1372,test
1373,test
1374,test
1375,test
1376,test
1377,test
1378,test
1379,test
1380,test
1381,test
1382,test
1383,test
1384,test
1385,test
1386,test
1387,test
1388,test
1389,test
1390,test
1391,test
1392,test
1393,test
1394,test
1395,test
1396,test
1397,test
1398,test
1399,test
1400,test
1401,test
1402,test
1403,test
1404,test
1405,test
1406,test
1407,test
1408,test
1409,test
1410,test
1411,test
1412,test
1413,test
1414,test
1415,test
1416,test
1417,test
1418,test
1419,test
1420,test
1421,test
1422,test
1423,test
1424,test
1425,test
1426,test
1427,test
1428,test
1429,test
1430,test
1431,test
1432,test
1433,test
1434,test
1435,test
1436,test
1437,test
1438,test
1439,test
1440,test
1441,test
1442,test
1443,test
1444,test
1445,test
1446,test
1447,test
1448,test
1449,test
1450,test
1451,test
1452,test
1453,test
1454,test
1455,test
1456,test
1457,test
1458,test
1459,test
1460,test
1461,test
1462,test
1463,test
1464,test
1465,test
1466,test
1467,test
1468,test
1469,test
1470,test
1471,test
1472,test
1473,test
1474,test
1475,test
1476,test
1477,test
1478,test
1479,test
1480,test
1481,test
1482,test
1483,test
1484,test
1485,test
1486,test
1487,test
1488,test
1489,test
1490,test
1491,test
1492,test
1493,test
1494,test
1495,test
1496,test
1497,test
1498,test
1499,test
1500,test
1501,test
1502,test
1503,test
1504,test
1505,test
1506,test
1507,test
