fold,n_val,MAE,RMSE,R2,precision,recall,good_killed,bad_catch,n_bad,setting,best_alpha
0,241,1.6454184045660227,2.6419373356300544,0.17292140953980906,0.8987341772151899,0.9906976744186047,0.009302325581395349,0.07692307692307693,26,Set A,56.23413251903491
1,241,1.7947743867837609,2.5277217596586845,0.10031658138672683,0.8577586206896551,0.9802955665024631,0.019704433497536946,0.13157894736842105,38,Set A,56.23413251903491
2,241,1.4392847395217105,1.8851136570425477,0.24127740777624707,0.8974358974358975,0.9905660377358491,0.009433962264150943,0.1724137931034483,29,Set A,56.23413251903491
3,240,1.6086887816495206,2.438885363391029,0.12877056000190268,0.8898305084745762,0.9905660377358491,0.009433962264150943,0.07142857142857142,28,Set A,56.23413251903491
4,240,1.8376181343488744,2.5044160066852643,0.26059458867647667,0.8369098712446352,0.9948979591836735,0.00510204081632653,0.13636363636363635,44,Set A,56.23413251903491
0,241,1.6588040379640419,2.657625876202877,0.16306941015245857,0.902542372881356,0.9906976744186047,0.009302325581395349,0.11538461538461539,26,Set B (k=33),31.622776601683793
1,241,1.8014788594149183,2.558573074219021,0.07822095147147679,0.8497854077253219,0.9753694581280788,0.024630541871921183,0.07894736842105263,38,Set B (k=33),31.622776601683793
2,241,1.4320929798827644,1.8787240179641949,0.24641210865866225,0.8969957081545065,0.9858490566037735,0.014150943396226415,0.1724137931034483,29,Set B (k=33),31.622776601683793
3,240,1.6011307705823952,2.4166110741580784,0.1446117302777239,0.8898305084745762,0.9905660377358491,0.009433962264150943,0.07142857142857142,28,Set B (k=33),31.622776601683793
4,240,1.81825299407359,2.5193701463910374,0.2517380859414238,0.8427947598253275,0.9846938775510204,0.015306122448979591,0.18181818181818182,44,Set B (k=33),31.622776601683793
0,241,1.6170795034348124,2.6416625952312263,0.17309341974125392,0.8949579831932774,0.9906976744186047,0.009302325581395349,0.038461538461538464,26,Set C,1000.0
1,241,1.7337098442345809,2.4565584777807343,0.15026130371997848,0.8547008547008547,0.9852216748768473,0.014778325123152709,0.10526315789473684,38,Set C,1000.0
2,241,1.377399687620998,1.826465471413496,0.2877526050106851,0.896551724137931,0.9811320754716981,0.018867924528301886,0.1724137931034483,29,Set C,1000.0
3,240,1.5351985137182966,2.376232414584233,0.17295793456912634,0.8898305084745762,0.9905660377358491,0.009433962264150943,0.07142857142857142,28,Set C,1000.0
4,240,1.7950691552986864,2.4586438551630825,0.2873752022709617,0.8297872340425532,0.9948979591836735,0.00510204081632653,0.09090909090909091,44,Set C,1000.0
0,241,1.61693214287523,2.6422733779071073,0.17271099497394138,0.8949579831932774,0.9906976744186047,0.009302325581395349,0.038461538461538464,26,C - polynomial,1000.0
1,241,1.7265086608883395,2.4520412727529477,0.1533834885275901,0.8583690987124464,0.9852216748768473,0.014778325123152709,0.13157894736842105,38,C - polynomial,1000.0
2,241,1.3716836113126407,1.8234958084728696,0.2900668181402677,0.9039301310043668,0.9764150943396226,0.02358490566037736,0.2413793103448276,29,C - polynomial,1000.0
3,240,1.536569038709501,2.3784828294549505,0.17139068965502358,0.8898305084745762,0.9905660377358491,0.009433962264150943,0.07142857142857142,28,C - polynomial,1000.0
4,240,1.796031559854193,2.459656327412894,0.2867881620694276,0.8297872340425532,0.9948979591836735,0.00510204081632653,0.09090909090909091,44,C - polynomial,1000.0
0,241,1.625028811510701,2.6543142349238096,0.16515389245190415,0.8949579831932774,0.9906976744186047,0.009302325581395349,0.038461538461538464,26,C - interactions,1000.0
1,241,1.7265977648124746,2.454365413512771,0.1517778153484206,0.8559322033898306,0.9950738916256158,0.0049261083743842365,0.10526315789473684,38,C - interactions,1000.0
2,241,1.371122494398859,1.830286827122955,0.28476914002461884,0.8978723404255319,0.9952830188679245,0.0047169811320754715,0.1724137931034483,29,C - interactions,1000.0
3,240,1.5340218374369081,2.379777139954049,0.1704886276140951,0.8860759493670886,0.9905660377358491,0.009433962264150943,0.03571428571428571,28,C - interactions,1000.0
4,240,1.8074882139214241,2.483610281330097,0.27282894930298607,0.8270042194092827,1.0,0.0,0.06818181818181818,44,C - interactions,1000.0
0,241,1.6247944167917483,2.6512338413273553,0.16709048483973565,0.895397489539749,0.9953488372093023,0.004651162790697674,0.038461538461538464,26,C - transforms,1000.0
1,241,1.737536796337949,2.46520667318483,0.14426784438480644,0.8547008547008547,0.9852216748768473,0.014778325123152709,0.10526315789473684,38,C - transforms,1000.0
2,241,1.369528360485474,1.819327822505362,0.29330851447444195,0.8978723404255319,0.9952830188679245,0.0047169811320754715,0.1724137931034483,29,C - transforms,1000.0
3,240,1.5241929701493198,2.367015416522783,0.17936140016668434,0.8898305084745762,0.9905660377358491,0.009433962264150943,0.07142857142857142,28,C - transforms,1000.0
4,240,1.792803999973668,2.4682862440280866,0.2817746516666827,0.8305084745762712,1.0,0.0,0.09090909090909091,44,C - transforms,1000.0
0,241,1.619389464626097,2.6203202496524316,0.18640082337660635,0.9067796610169492,0.9953488372093023,0.004651162790697674,0.15384615384615385,26,C - origin,316.22776601683796
1,241,1.8027742655353554,2.5224856663739925,0.10404005065461452,0.8553191489361702,0.9901477832512315,0.009852216748768473,0.10526315789473684,38,C - origin,316.22776601683796
2,241,1.479817617514615,1.9218089250680819,0.21145161158940118,0.9,0.9764150943396226,0.02358490566037736,0.20689655172413793,29,C - origin,316.22776601683796
3,240,1.6058285055602384,2.449654625863663,0.12105948545455669,0.8898305084745762,0.9905660377358491,0.009433962264150943,0.07142857142857142,28,C - origin,316.22776601683796
4,240,1.8387766967519517,2.526901412987493,0.24725777328514853,0.8398268398268398,0.9897959183673469,0.01020408163265306,0.1590909090909091,44,C - origin,316.22776601683796
