feature,kind,dtype_kind,n_nonmissing,n_unique,pearson_r,pearson_p,spearman_rho,spearman_p,mutual_info
cat2_x_sample,engineered,numeric,1158,34,-0.3442,0.0,-0.3195,0.0,
altitude_m,raw,numeric,967,176,0.2586,0.0,0.3071,0.0,0.1017
small_bag,engineered,numeric,1158,2,-0.2669,0.0,-0.2746,0.0,
bag_weight_kg,raw,numeric,1158,36,0.2628,0.0,0.2739,0.0,0.0838
specialty_grade,engineered,numeric,1203,2,0.2449,0.0,0.209,0.0,
moisture_pct,raw,numeric,968,22,-0.1569,0.0,-0.2034,0.0,0.0249
category_two_defects,raw,numeric,1203,37,-0.2788,0.0,-0.1774,0.0,0.023
altitude_m^2,engineered,numeric,967,176,0.0797,0.0131,0.1505,0.0,
category_one_defects,raw,numeric,1203,16,-0.1507,0.0,-0.127,0.0,0.0135
log_cat1,engineered,numeric,1203,16,-0.1787,0.0,-0.127,0.0,
alt_rel_country,engineered,numeric,967,212,0.0681,0.0343,0.1012,0.0016,
moisture_suspect,raw,numeric,1203,2,0.086,0.0028,0.0822,0.0043,0.0001
alt_x_washed,engineered,numeric,967,129,-0.0385,0.2322,0.0641,0.0461,
n_bags,raw,numeric,1202,122,0.0568,0.049,0.0604,0.0364,0.0614
quakers,raw,numeric,1202,10,0.0133,0.6452,0.0486,0.092,0.0061
region,raw,categorical,1148,324,,,,,0.3173
cert_body,raw,categorical,1203,24,,,,,0.2151
country,raw,categorical,1202,35,,,,,0.2049
variety,raw,categorical,1008,28,,,,,0.0963
processing_group,raw,categorical,1056,5,,,,,0.0472
color,raw,categorical,942,2,,,,,0.0121
