column,level,n,mean,median,std
country,United States,8,85.98,87.16,2.59
country,Ethiopia,41,85.62,85.33,2.3
country,Kenya,18,84.88,84.84,0.8
country,Uganda,25,84.01,83.75,1.38
country,Colombia,178,83.09,83.25,1.43
country,El Salvador,18,83.08,82.83,1.61
country,China,16,82.93,83.17,2.33
country,Indonesia,15,82.78,83.08,2.51
country,Costa Rica,49,82.73,83.08,2.41
country,Brazil,113,82.63,82.42,1.79
country,Thailand,32,82.57,82.67,1.55
country,Peru,9,82.45,82.42,3.64
country,"Tanzania, United Republic Of",39,82.35,82.17,1.29
country,Vietnam,7,82.27,82.83,1.06
country,Taiwan,68,82.02,81.96,1.74
country,Guatemala,151,81.85,82.5,3.11
country,United States (Hawaii),73,81.82,82.75,2.99
country,Malawi,11,81.71,81.58,0.59
country,Nicaragua,21,81.18,80.92,2.11
country,Mexico,233,80.87,81.67,2.75
country,Philippines,5,80.83,81.33,2.92
country,Myanmar,8,80.75,80.62,0.64
country,Honduras,40,80.39,81.38,3.79
country,Haiti,6,77.18,79.0,5.98
processing_group,honey,11,83.24,82.83,1.56
processing_group,missing,147,82.94,83.08,2.49
processing_group,semi_washed,56,82.63,82.5,1.77
processing_group,natural,228,82.42,82.79,2.69
processing_group,other,22,82.14,81.88,1.45
processing_group,washed,739,81.94,82.42,2.76
variety,sl34,6,85.11,85.16,0.74
variety,sl28,10,84.46,84.54,1.27
variety,sl14,16,83.84,83.34,1.51
variety,catimor,18,83.49,83.3,1.45
variety,caturra,232,82.83,83.17,1.71
variety,missing,195,82.79,83.0,2.73
variety,other,104,82.64,82.54,2.71
variety,pacamara,8,82.57,83.34,3.16
variety,yellow bourbon,33,82.56,82.42,1.42
variety,arusha,5,82.25,82.42,0.89
variety,gesha,10,82.12,81.91,0.85
variety,peaberry,5,82.0,81.42,1.98
variety,bourbon,180,81.93,82.33,2.74
variety,hawaiian kona,44,81.58,82.62,3.1
variety,mundo novo,30,81.5,82.0,2.73
variety,catuai,69,81.35,81.92,4.03
variety,typica,208,80.98,81.5,2.59
variety,pacas,13,80.91,82.33,3.34
color,blue_green,182,82.65,82.92,2.39
color,missing,261,82.42,82.83,3.01
color,green,760,82.02,82.33,2.6
