feature,OLS,Ridge,sign_flip
altitude_m,0.45014536725226717,0.16999010232238018,False
moisture_pct,-0.10430242550424898,-0.07280061324131293,False
moisture_suspect,0.09863789097493199,0.044162537120304296,False
category_one_defects,0.02389510211532854,-0.04851989296190844,True
category_two_defects,-0.17215323973398042,-0.15075861754568282,False
quakers,0.025932365709313312,0.0019712888383353654,False
n_bags,-0.15740898403978734,-0.047451929232216805,False
bag_weight_kg,-0.017435345730131054,0.06954397092471411,True
missingindicator_altitude_m,-0.0878596945870368,-0.059187844642393295,False
missingindicator_moisture_pct,0.07577132074834445,0.05062296265975505,False
missingindicator_quakers,0.0004780957711232534,0.0030944502943135613,False
missingindicator_n_bags,-0.0685073262859778,-0.0277047529447239,False
missingindicator_bag_weight_kg,0.1304219261355513,0.07181240182546697,False
log_cat1,-0.13868147285294843,-0.07664474006174657,False
small_bag,-0.06297990203921086,-0.07886612757454119,False
specialty_grade,0.1039771432683193,0.12035414832669733,False
alt_x_washed,-0.14681127899406604,-0.05674790565458377,False
cat2_x_sample,-0.3397480417716444,-0.19143682250691796,False
altitude_m^2,0.04187232156638639,0.04532360348246797,False
processing_group_honey,0.29369481769750594,0.005103533043343427,False
processing_group_missing,-0.3127625080120834,-0.009811828867050367,False
processing_group_natural,-0.019332642238448758,0.023748083883097862,True
processing_group_other,-0.31026513756375745,-0.004661769736750414,False
processing_group_semi_washed,0.43798937327519455,0.028089062091203383,False
processing_group_washed,-0.08932390315841177,-0.04246708041384372,False
color_blue_green,0.13984406734892113,0.030903785804762017,False
color_green,-0.027124533593872978,-0.023516250871682014,False
color_missing,-0.11271953375504776,-0.007387534933079865,False
country,0.3029908840961828,0.23734850231822396,False
region,0.4107051207404383,0.2716355337464914,False
variety,0.041553584931496385,0.10182805293080792,False
cert_body,0.2098677727318327,0.21571040965027974,False
alt_rel_country,-0.10358814639681954,0.03970542698596026,True
