fold,n_val,MAE,RMSE,R2,precision,recall,good_killed,bad_catch,n_bad,model
0,241,1.8251472554584551,2.912507020704523,-0.005161199948902073,0.8921161825726142,1.0,0.0,0.0,26,mean
1,241,1.8393347193347191,2.6732555059358303,-0.006264432344222026,0.8423236514522822,1.0,0.0,0.0,38,mean
2,241,1.6610031400695275,2.187761399876759,-0.021898702219261823,0.8796680497925311,1.0,0.0,0.0,29,mean
3,240,1.753678997923158,2.6148078643371964,-0.0014501424291188947,0.8833333333333333,1.0,0.0,0.0,28,mean
4,240,2.0824220751124956,2.920756721568696,-0.0056814800320188485,0.8166666666666667,1.0,0.0,0.0,44,mean
0,241,1.7482350235579593,2.813552792732927,0.06198044689811233,0.8864628820960698,0.9441860465116279,0.05581395348837209,0.0,26,country_mean
1,241,1.7848543928669796,2.5903830192488675,0.055158084740783986,0.8423236514522822,1.0,0.0,0.0,38,country_mean
2,241,1.483430978793503,2.0124030949651943,0.1353548898884882,0.8791666666666667,0.9952830188679245,0.0047169811320754715,0.0,29,country_mean
3,240,1.5573664580488835,2.36321286377345,0.18199595423101933,0.8833333333333333,1.0,0.0,0.0,28,country_mean
4,240,1.796436860414922,2.4727217354416196,0.2791910415229285,0.8200836820083682,1.0,0.0,0.022727272727272728,44,country_mean
0,241,1.6999952326701642,2.786744984309492,0.07977037468918602,0.8921161825726142,1.0,0.0,0.0,26,ols_altitude
1,241,1.861617245940769,2.623092108426068,0.03114616190021624,0.8423236514522822,1.0,0.0,0.0,38,ols_altitude
2,241,1.5958274209009418,2.10611060041799,0.05295572162955897,0.8786610878661087,0.9905660377358491,0.009433962264150943,0.0,29,ols_altitude
3,240,1.7049254073505504,2.589414936254875,0.017905983166058848,0.8818565400843882,0.9858490566037735,0.014150943396226415,0.0,28,ols_altitude
4,240,2.0571550769004707,2.8479565418800528,0.04382717027274974,0.8166666666666667,1.0,0.0,0.0,44,ols_altitude
0,241,1.6087232824331263,2.6543467156710556,0.1651334603636735,0.9055793991416309,0.9813953488372092,0.018604651162790697,0.15384615384615385,26,rf_setA
1,241,1.744223324110495,2.473426890581976,0.13855146177630284,0.8608695652173913,0.9753694581280788,0.024630541871921183,0.15789473684210525,38,rf_setA
2,241,1.408876155731642,1.821040856684348,0.2919770814220948,0.8974358974358975,0.9905660377358491,0.009433962264150943,0.1724137931034483,29,rf_setA
3,240,1.5895893363730533,2.4232727599172392,0.1398892641871724,0.8888888888888888,0.9811320754716981,0.018867924528301886,0.07142857142857142,28,rf_setA
4,240,1.7552750136478783,2.420186682707879,0.3094940636158612,0.8427947598253275,0.9846938775510204,0.015306122448979591,0.18181818181818182,44,rf_setA
0,241,1.773229775886306,2.6430768937819487,0.1722077609574001,0.9147982062780269,0.9488372093023256,0.05116279069767442,0.2692307692307692,26,hgb_setA
1,241,2.0305603492255866,2.693050358094637,-0.021221927380655314,0.8538812785388128,0.9211822660098522,0.07881773399014778,0.15789473684210525,38,hgb_setA
2,241,1.5147330554926164,1.9988563663780505,0.14695662968016288,0.8968609865470852,0.9433962264150944,0.05660377358490566,0.20689655172413793,29,hgb_setA
3,240,1.7264952527179533,2.5155035923378417,0.0731709205292197,0.8995433789954338,0.9292452830188679,0.07075471698113207,0.21428571428571427,28,hgb_setA
4,240,1.9293667710138367,2.590828014142202,0.20868964007029234,0.8472222222222222,0.9336734693877551,0.0663265306122449,0.25,44,hgb_setA
