row_id,processing_group,actual,predicted,absolute_error
0,Missing,79.67,81.9801980964235,2.3101980964235054
1,Missing,79.17,82.75135482559119,3.581354825591191
2,Missing,76.75,82.73011605759034,5.980116057590337
3,Missing,80.92,82.4741666227062,1.5541666227062052
4,Missing,83.42,82.33662135772829,1.083378642271711
5,Missing,83.0,82.65330698479981,0.3466930152001879
6,Missing,82.92,82.65297998622765,0.2670200137723526
7,Missing,84.33,82.8963607398743,1.4336392601257018
8,Missing,85.08,83.11694386800785,1.963056131992147
9,Missing,86.58,82.38100178227722,4.1989982177227745
10,Missing,81.83,82.9540706529598,1.1240706529598015
11,Missing,81.42,83.0291279214391,1.6091279214390966
12,Missing,83.38,81.94516853886184,1.4348314611381596
13,Missing,84.75,81.97283905931626,2.7771609406837428
14,Missing,87.92,83.2465849103356,4.6734150896644024
15,Missing,87.42,83.82411868764598,3.595881312354024
16,Missing,89.75,83.1069747230971,6.643025276902904
17,Missing,86.0,82.53509861455903,3.4649013854409674
18,Missing,83.0,82.26637674566702,0.7336232543329828
19,Missing,85.42,83.83964214227447,1.5803578577255308
20,Missing,87.33,84.3374471867026,2.9925528132973938
21,Missing,86.92,84.68326406368838,2.236735936311618
22,Missing,83.17,85.0282118220824,1.8582118220823958
23,Missing,80.33,83.93535225041839,3.6053522504183917
24,Missing,80.0,84.49242563826591,4.492425638265914
25,Missing,84.83,85.07037527132792,0.24037527132792036
26,Missing,84.83,85.015625581587,0.18562558158700426
27,Missing,84.67,84.78662932463338,0.11662932463337938
28,Missing,84.42,83.58109572828268,0.8389042717173254
29,Missing,83.83,84.61620663626414,0.78620663626414
30,Missing,86.25,84.68664886325776,1.5633511367422415
31,Missing,86.0,85.60242438135512,0.3975756186448791
32,Missing,85.33,84.43569364561658,0.8943063543834171
33,Missing,85.33,83.88671134869047,1.4432886513095298
34,Missing,85.08,84.45147882815439,0.6285211718456054
35,Missing,83.75,82.89280954089155,0.8571904591084518
36,Missing,82.75,82.83431552052305,0.0843155205230488
37,Missing,81.5,82.22737447455197,0.727374474551965
38,Missing,82.5,82.81565736575867,0.31565736575866765
39,Missing,84.92,82.47808282087071,2.441917179129291
40,Missing,87.83,83.8707820991159,3.9592179008840986
41,Missing,88.67,84.7426485226531,3.927351477346903
42,Missing,88.42,84.06226567865764,4.357734321342363
43,Missing,82.67,82.86427843499213,0.19427843499212827
44,Missing,85.0,82.78093657573909,2.2190634242609093
45,Missing,83.08,82.79771968239099,0.2822803176090076
46,Missing,83.5,83.36070506652564,0.1392949334743605
47,Missing,83.08,83.11537203021356,0.03537203021356561
48,Missing,83.42,83.27277398140662,0.14722601859338624
49,Missing,85.08,82.35338925015095,2.726610749849044
50,Missing,86.17,82.66578170962264,3.5042182903773664
51,Missing,86.17,82.8884817847359,3.2815182152641
52,Missing,79.58,81.6056058387063,2.025605838706298
53,Missing,83.25,84.08220176512751,0.8322017651275075
54,Missing,80.83,84.18180110945225,3.3518011094522535
55,Missing,86.25,82.41946220074021,3.830537799259787
56,Missing,83.42,82.72240357789843,0.6975964221015687
57,Missing,83.0,83.64135147019948,0.6413514701994814
58,Missing,81.92,83.41402803108221,1.494028031082209
59,Missing,79.58,83.51507366792721,3.935073667927213
60,Missing,83.75,83.49324997352522,0.2567500264747764
61,Missing,82.67,83.57993266251503,0.9099326625150326
62,Missing,82.17,83.65134956664124,1.4813495666412422
63,Missing,83.25,83.53840374961108,0.28840374961107784
64,Missing,83.08,83.20381131609797,0.1238113160979708
65,Missing,81.42,83.4530180750837,2.033018075083703
66,Missing,85.0,82.7094898019624,2.2905101980375946
67,Missing,83.33,82.53756680470349,0.7924331952965105
68,Missing,79.08,82.64063706584295,3.560637065842954
69,Missing,82.25,83.06661319417411,0.8166131941741099
70,Missing,83.5,82.7605444766387,0.7394555233613005
71,Missing,83.0,82.51855003190902,0.4814499680909847
72,Missing,80.67,82.85201213914691,2.182012139146906
73,Missing,80.58,83.08344085048198,2.5034408504819794
74,Missing,84.5,82.35838579967123,2.1416142003287746
75,Missing,84.5,82.71652451441356,1.783475485586436
76,Missing,85.0,82.30503737771352,2.694962622286482
77,Missing,82.67,82.15289218240672,0.5171078175932848
78,Missing,82.08,83.03887568480455,0.9588756848045534
79,Missing,83.75,83.37395311333891,0.37604688666108643
80,Missing,83.67,82.54283455280917,1.1271654471908334
81,Missing,83.0,82.5380456908949,0.4619543091050957
82,Missing,80.58,82.54115845113918,1.961158451139184
83,Missing,83.0,83.32518743227806,0.3251874322780566
84,Missing,84.67,82.65465935547782,2.0153406445221833
85,Missing,84.33,83.61091487904133,0.7190851209586668
86,Missing,83.25,83.57488378292409,0.3248837829240898
87,Missing,81.83,83.6468132075251,1.816813207525101
88,Missing,81.58,83.26157992680113,1.6815799268011347
89,Missing,78.58,82.49657379654364,3.916573796543645
90,Missing,82.92,83.15722964796134,0.2372296479613425
91,Missing,83.08,84.17879376109153,1.0987937610915282
92,Missing,82.0,83.64261775033285,1.642617750332846
93,Missing,84.0,82.97497546114123,1.0250245388587729
94,Missing,83.83,83.40939995478365,0.42060004521634653
95,Missing,83.0,82.43514136584449,0.5648586341555131
96,Missing,81.58,82.46980434095055,0.8898043409505476
97,Missing,84.75,82.57453170603716,2.1754682939628367
98,Missing,72.33,81.98156454535831,9.651564545358312
99,Missing,83.17,82.60016881621958,0.5698311837804226
100,Missing,82.83,82.52529243810515,0.30470756189484405
101,Missing,81.5,83.11111137018567,1.611111370185668
102,Missing,83.83,83.45926561337443,0.37073438662557123
103,Missing,83.33,82.92536743788966,0.4046325621103364
104,Missing,82.67,82.34846097773776,0.3215390222622432
105,Missing,80.17,81.33419008326781,1.1641900832678118
106,Missing,79.92,81.9197340769209,1.9997340769209018
107,Missing,82.42,83.83869487523245,1.4186948752324469
108,Missing,81.17,82.23169109174437,1.0616910917443647
109,Missing,81.75,83.64360726154639,1.8936072615463928
110,Missing,84.33,83.38638631734233,0.94361368265767
111,Missing,84.33,83.48129654679312,0.8487034532068805
112,Missing,83.17,83.41449949150507,0.2444994915050671
113,Missing,82.58,82.85955317966511,0.2795531796651147
114,Missing,81.83,83.29654843985921,1.46654843985921
115,natural,81.42,83.60185182094983,2.1818518209498308
116,Missing,82.67,82.8923731846408,0.22237318464080147
117,Missing,81.58,83.60730497021278,2.027304970212782
118,Missing,78.0,82.33052556823064,4.330525568230641
119,washed,83.0,82.89321820288538,0.10678179711462121
120,natural,84.92,82.58697808475365,2.3330219152463485
121,semi_washed,84.58,82.80925511728498,1.7707448827150216
122,natural,86.92,82.93590433823381,3.9840956617661902
123,natural,86.42,83.29688927434354,3.12311072565646
124,semi_washed,86.08,82.98957205570623,3.090427944293765
125,semi_washed,83.17,82.76553956865634,0.40446043134366505
126,semi_washed,85.42,83.0563984740707,2.3636015259292975
127,natural,80.75,81.68298361243698,0.9329836124369848
128,semi_washed,83.83,82.58970413257448,1.240295867425516
129,washed,82.42,83.47071213141719,1.0507121314171854
130,washed,81.75,83.49451776612592,1.7445177661259237
131,natural,84.92,82.9301145013499,1.9898854986500965
132,semi_washed,84.58,83.3000318945308,1.2799681054691945
133,washed,76.5,81.60313665726561,5.103136657265608
134,washed,76.33,81.57392930749805,5.24392930749805
135,washed,74.75,81.07416048973573,6.324160489735732
136,washed,75.58,81.04300540294932,5.463005402949321
137,washed,74.75,81.1948853628437,6.444885362843706
138,washed,79.33,81.21240980560204,1.8824098056020375
139,washed,78.33,81.03132249594009,2.70132249594009
140,washed,77.92,81.15204736904805,3.232047369048047
141,natural,76.17,80.44572182570799,4.27572182570799
142,washed,85.17,81.70136639036967,3.4686336096303307
143,semi_washed,83.58,83.10105506934492,0.47894493065507504
144,natural,82.42,82.84952817794044,0.4295281779404405
145,natural,82.25,82.95584084410076,0.7058408441007629
146,natural,81.17,82.99924605705247,1.8292460570524725
147,washed,80.67,81.42392762989829,0.7539276298982855
148,washed,80.67,81.35630685855705,0.686306858557046
149,washed,81.5,81.49154840123953,0.008451598760473189
150,natural,82.42,82.69086677582251,0.27086677582251184
151,natural,82.33,82.64234400965292,0.312344009652918
152,washed,83.5,80.76326641543736,2.736733584562643
153,washed,83.17,81.29688470018178,1.8731152998182239
154,washed,82.0,81.29688470018178,0.7031152998182222
155,washed,80.33,81.93285757417256,1.6028575741725604
156,washed,81.67,82.17697389903992,0.5069738990399202
157,washed,83.5,83.3784559280671,0.1215440719329024
158,washed,83.25,83.19688588010058,0.053114119899419165
159,washed,82.25,83.41216785560871,1.1621678556087147
160,washed,84.67,82.9764636720967,1.6935363279033027
161,natural,84.25,81.66556475735194,2.5844352426480555
162,washed,84.17,83.01244523861611,1.1575547613838921
163,washed,84.0,81.16062413199349,2.8393758680065133
164,washed,86.0,83.26778668261785,2.732213317382147
165,washed,81.08,82.46935867422165,1.3893586742216542
166,washed,84.5,82.12762078786996,2.372379212130042
167,natural,83.17,82.72115451311156,0.4488454868884446
168,washed,82.33,82.55405656737719,0.2240565673771897
169,semi_washed,82.0,82.65686590470446,0.6568659047044605
170,washed,83.25,82.82469776383898,0.42530223616101637
171,washed,82.25,83.38624913442811,1.1362491344281125
172,washed,80.83,82.26783713649289,1.4378371364928881
173,semi_washed,83.25,83.21028107575681,0.039718924243189235
174,washed,83.08,82.43152061726228,0.6484793827377189
175,washed,82.92,82.48233945925585,0.4376605407441474
176,washed,82.75,82.43152061726228,0.3184793827377206
177,washed,82.75,82.09849348515509,0.6515065148449111
178,washed,82.5,82.06141768409934,0.43858231590066055
179,washed,82.08,82.42713439114368,0.3471343911436833
180,natural,85.0,82.57173199952642,2.4282680004735795
181,natural,81.92,82.925143073791,1.0051430737910039
182,semi_washed,81.67,81.49907848589173,0.17092151410827228
183,washed,75.17,79.23998105390847,4.069981053908464
184,washed,82.92,81.0252964317216,1.894703568278402
185,washed,82.75,83.32605379484795,0.5760537948479509
186,washed,82.5,82.79570970245769,0.29570970245768535
187,washed,82.33,81.76923222485158,0.5607677751484204
188,semi_washed,82.5,83.0596698870293,0.5596698870293011
189,natural,85.08,83.09788807796461,1.9821119220353864
190,natural,83.17,82.78565566472412,0.38434433527588396
191,natural,84.17,81.77676389249508,2.3932361075049187
192,natural,82.5,81.45202116040946,1.0479788395905416
193,natural,82.0,81.68688728392183,0.31311271607816593
194,washed,84.25,81.22272448216351,3.027275517836486
195,washed,83.92,81.58224362104859,2.3377563789514113
196,natural,83.58,83.40333869970776,0.17666130029223837
197,washed,82.25,81.19385477070625,1.0561452292937474
198,washed,81.67,81.29344332219816,0.3765566778018439
199,natural,79.83,82.0353265487437,2.205326548743699
200,natural,84.83,81.99255779603965,2.83744220396035
201,natural,73.67,81.91209199251287,8.242091992512869
202,natural,86.25,82.31316582499794,3.936834175002062
203,natural,83.08,82.3138488925548,0.7661511074451965
204,natural,85.58,82.6725980073979,2.9074019926021037
205,natural,85.42,82.23438796606938,3.1856120339306244
206,washed,84.25,81.40590228879203,2.844097711207965
207,washed,82.42,81.6751891773745,0.7448108226254959
208,washed,82.75,83.27414325333669,0.524143253336689
209,natural,82.33,82.60479536589914,0.2747953658991378
210,semi_washed,82.0,82.82164085124343,0.8216408512434299
211,washed,86.17,81.52979180033859,4.640208199661416
212,semi_washed,81.5,82.38595463460967,0.8859546346096749
213,washed,83.0,81.84380358138415,1.156196418615849
214,washed,76.33,81.68984152093422,5.359841520934225
215,washed,83.67,82.51788879101893,1.1521112089810686
216,washed,83.5,82.50295668793738,0.9970433120626154
217,washed,83.0,83.33941923149813,0.3394192314981268
218,washed,80.75,81.495292740952,0.7452927409519958
219,natural,83.0,82.5285648249673,0.4714351750326955
220,washed,83.67,82.72195365214871,0.9480463478512888
221,washed,82.33,81.06746129506197,1.2625387049380237
222,washed,80.17,81.54708613866615,1.3770861386661437
223,natural,78.25,81.4269368217458,3.176936821745798
224,natural,67.92,80.14119128679644,12.22119128679644
225,washed,59.83,81.82738277494539,21.997382774945393
226,washed,83.75,82.18273531224222,1.5672646877577847
227,washed,81.5,82.81725679502263,1.3172567950226295
228,washed,83.33,83.49451776612592,0.1645177661259254
229,washed,84.0,84.94036669625174,0.9403666962517434
230,washed,79.67,80.18032448812669,0.5103244881266846
231,natural,82.0,82.78565566472412,0.7856556647241177
232,washed,85.83,82.02096391373139,3.8090360862686055
233,washed,79.75,81.18305447933251,1.4330544793325117
234,washed,78.75,81.64297472986854,2.8929747298685413
235,washed,75.17,81.24286532027442,6.072865320274417
236,washed,84.5,80.85007483867201,3.6499251613279853
237,washed,84.42,80.66907233490114,3.750927665098857
238,washed,83.92,81.31385101491745,2.606148985082555
239,natural,83.83,80.95103075881802,2.878969241181977
240,washed,83.58,80.88928436297928,2.690715637020716
241,washed,83.17,81.1945132723492,1.9754867276508037
242,washed,83.08,81.76461450612767,1.315385493872327
243,washed,82.83,81.40394181626735,1.4260581837326498
244,natural,82.75,81.38441193369029,1.3655880663097122
245,washed,82.67,81.83229031976778,0.8377096802322228
246,washed,82.67,81.33684413516443,1.3331558648355752
247,washed,82.42,81.40464639748522,1.0153536025147787
248,washed,81.75,81.51970956887611,0.23029043112389047
249,natural,81.58,81.90821253257707,0.3282125325770693
250,natural,81.58,81.87585743755061,0.2958574375506089
251,washed,81.42,80.73929590390023,0.6807040960997739
252,semi_washed,82.5,81.6955485980958,0.8044514019042026
253,washed,83.17,83.45591178208264,0.28591178208263557
254,washed,83.0,83.4305814490764,0.4305814490763993
255,washed,82.67,82.39774653422067,0.27225346577932896
256,washed,82.58,82.71126566002818,0.13126566002817697
257,washed,84.0,82.3690246564803,1.6309753435196939
258,washed,83.42,83.22733945390192,0.19266054609808236
259,washed,78.58,81.49759910631627,2.917599106316274
260,washed,84.67,81.1768416605772,3.4931583394228056
261,washed,83.67,80.1585764011248,3.511423598875197
262,washed,82.58,81.42847836756175,1.1515216324382465
263,washed,82.17,81.49360198818948,0.6763980118105195
264,washed,81.0,81.00461595066031,0.004615950660308954
265,washed,80.83,81.1050205680792,0.2750205680791993
266,washed,79.08,81.78545585980095,2.7054558598009493
267,washed,84.67,82.3000349145085,2.3699650854915006
268,washed,83.92,78.02920065600715,5.890799343992853
269,washed,85.83,82.35649201013895,3.473507989861048
270,washed,82.42,82.03316858670415,0.3868314132958517
271,washed,81.08,81.63763642849763,0.5576364284976307
272,washed,75.58,80.74736647974326,5.167366479743265
273,washed,83.67,80.86809135285124,2.801908647148764
274,washed,83.25,81.10954109906717,2.1404589009328276
275,washed,82.83,81.04917866251319,1.7808213374868131
276,washed,80.92,80.28939536598207,0.6306046340179279
277,semi_washed,84.92,81.07560840645988,3.8443915935401236
278,natural,79.92,80.77124979368888,0.8512497936888792
279,washed,79.92,81.31282071339321,1.3928207133932062
280,washed,79.83,81.07042809226128,1.2404280922612827
281,washed,79.5,81.01690053793551,1.5169005379355127
282,washed,78.08,81.28672771484216,3.2067277148421596
283,washed,75.0,79.55298956872628,4.552989568726275
284,washed,71.0,82.00326517500592,11.003265175005922
285,washed,84.5,81.60385180750413,2.896148192495872
286,washed,83.5,81.63556111601761,1.8644388839823876
287,washed,83.25,81.6243468663038,1.6256531336962041
288,washed,83.17,81.03124536201678,2.138754637983226
289,washed,83.0,79.80759513138206,3.192404868617942
290,washed,82.83,80.80214613285227,2.0278538671477264
291,washed,82.75,81.2166644398848,1.533335560115205
292,washed,82.42,80.70684732021832,1.713152679781686
293,washed,82.25,81.15625920055977,1.0937407994402264
294,washed,82.17,81.02601783495395,1.1439821650460544
295,washed,82.08,81.37330806435415,0.7066919356458499
296,washed,82.0,81.26871216518562,0.7312878348143812
297,washed,81.92,81.3908504466393,0.5291495533606962
298,washed,81.92,81.44375955600476,0.4762404439952377
299,semi_washed,81.83,80.65606643641296,1.1739335635870418
300,washed,81.33,80.9380796838057,0.3919203161943017
301,semi_washed,78.75,81.53228095451777,2.7822809545177734
302,washed,84.67,81.60744857522013,3.062551424779869
303,washed,82.67,82.32555446859504,0.3444455314049577
304,natural,82.92,80.91339452929331,2.0066054707066883
305,washed,79.75,82.4267081888988,2.6767081888988002
306,natural,82.08,82.07374298725996,0.006257012740036316
307,washed,82.42,81.51857706555819,0.9014229344418112
308,washed,79.92,81.77376823862532,1.853768238625321
309,washed,78.58,81.27200214951863,2.692002149518629
310,washed,78.5,81.1119427540861,2.611942754086101
311,washed,77.92,81.62634837358294,3.706348373582941
312,washed,76.42,80.13586355328844,3.715863553288443
313,washed,87.17,81.30834182542662,5.861658174573378
314,natural,83.83,81.9753680716343,1.8546319283656914
315,washed,83.0,79.40529746318364,3.5947025368163565
316,semi_washed,83.0,80.89700854480736,2.1029914551926367
317,natural,82.92,81.20917182434147,1.7108281756585342
318,washed,82.5,81.0596001204144,1.4403998795855983
319,washed,82.08,80.15071280164774,1.929287198352256
320,washed,81.5,81.61147384437038,0.11147384437037999
321,natural,81.5,81.69605577765113,0.19605577765112514
322,washed,81.25,81.56773309500774,0.31773309500773905
323,washed,84.33,81.89940296089577,2.430597039104228
324,washed,81.67,81.40743953885682,0.2625604611431811
325,washed,79.5,80.00088655473985,0.50088655473985
326,washed,78.75,81.31592723593548,2.565927235935476
327,washed,74.83,78.93918429820687,4.10918429820687
328,washed,73.83,79.55697048807947,5.726970488079473
329,washed,83.25,80.48395897105995,2.7660410289400517
330,semi_washed,81.5,80.88149151185372,0.6185084881462757
331,washed,82.17,81.98032380360169,0.18967619639830957
332,natural,84.08,82.95682732482314,1.1231726751768605
333,washed,82.67,80.84151123892646,1.8284887610735439
334,washed,81.17,81.57498775028853,0.4049877502885266
335,washed,82.25,81.62459323131603,0.6254067686839733
336,natural,83.67,82.00127243212933,1.6687275678706754
337,washed,80.83,81.3229974662345,0.4929974662344989
338,washed,83.33,82.34562875733332,0.9843712426666826
339,washed,81.5,80.62580666089951,0.8741933391004864
340,semi_washed,80.83,80.98859349083232,0.15859349083231677
341,washed,80.42,79.998781504951,0.4212184950490041
342,semi_washed,80.33,79.84154017734825,0.48845982265174825
343,washed,80.08,79.81637267226668,0.26362732773331743
344,washed,79.92,81.51787376723635,1.5978737672363508
345,washed,79.58,81.46669346783997,1.8866934678399758
346,washed,79.17,79.450435801129,0.280435801129002
347,washed,79.0,78.19994985394378,0.8000501460562219
348,semi_washed,83.5,80.45012711941945,3.0498728805805513
349,washed,82.83,80.58583297178392,2.244167028216083
350,washed,82.25,80.41457896561985,1.835421034380147
351,washed,82.08,80.14543712415015,1.9345628758498492
352,washed,81.75,79.77786659219336,1.9721334078066377
353,washed,81.67,81.66533387889433,0.00466612110567155
354,washed,81.5,80.66009437341346,0.8399056265865426
355,washed,81.33,80.05400273049119,1.2759972695088067
356,natural,81.17,80.68739546884396,0.48260453115604207
357,washed,81.08,81.40128664305537,0.32128664305537313
358,washed,83.58,83.24739263058417,0.33260736941582536
359,natural,83.5,80.76049939520519,2.739500604794813
360,washed,83.17,82.82441438937794,0.3455856106220665
361,washed,82.42,81.17819892657297,1.2418010734270268
362,washed,82.33,80.64401624963037,1.6859837503696298
363,washed,82.25,81.08821175586189,1.1617882441381084
364,washed,81.83,81.31501306209461,0.5149869379053911
365,washed,80.75,81.35377518339153,0.6037751833915337
366,washed,80.42,80.0641572914436,0.3558427085563949
367,washed,80.0,80.60066909970863,0.6006690997086253
368,washed,79.75,79.46638201985802,0.28361798014198314
369,washed,84.08,80.49971227614506,3.580287723854937
370,washed,82.58,80.58389964246315,1.9961003575368466
371,washed,81.75,81.03487556343268,0.7151244365673222
372,washed,81.08,81.31487133805123,0.23487133805123506
373,washed,80.17,80.37878340297517,0.20878340297517184
374,washed,80.0,80.36410236289906,0.36410236289906095
375,washed,79.33,79.23042324063832,0.09957675936168187
376,washed,79.25,80.47114225617595,1.221142256175952
377,washed,76.08,80.46674728192299,4.386747281922993
378,washed,74.33,80.32917446130362,5.999174461303625
379,washed,71.08,79.37454828043336,8.29454828043336
380,washed,82.42,80.50783127236565,1.9121687276343522
381,washed,82.08,80.65971123226004,1.4202887677399616
382,washed,81.75,79.65258115080978,2.0974188491902197
383,washed,81.0,79.6119341745904,1.3880658254095977
384,washed,79.92,80.20162629554986,0.28162629554985585
385,washed,79.42,79.23951335795009,0.18048664204991383
386,natural,78.33,76.3103687757467,2.0196312242533025
387,washed,78.0,80.00449926833821,2.0044992683382077
388,washed,77.17,80.33830133456848,3.1683013345684827
389,semi_washed,84.25,81.65558355407474,2.594416445925262
390,semi_washed,82.42,82.15351710858708,0.26648289141292025
391,washed,81.67,80.45655323525442,1.2134467647455836
392,washed,79.08,76.76764660873465,2.312353391265347
393,semi_washed,79.0,79.59433812885433,0.5943381288543321
394,washed,75.5,79.07367812193728,3.5736781219372773
395,washed,75.17,80.32740606765086,5.157406067650854
396,washed,80.17,80.40885468593085,0.23885468593084624
397,washed,79.17,80.2047664778172,1.0347664778172003
398,washed,79.08,81.19922112924101,2.119221129241012
399,washed,77.33,80.35782364369328,3.0278236436932815
400,washed,74.92,80.73013936723677,5.810139367236772
401,washed,80.08,80.84132371504384,0.7613237150438437
402,washed,79.75,80.81833356973569,1.0683335697356853
403,washed,78.5,80.43250502285329,1.9325050228532916
404,washed,78.42,81.38340108277836,2.9634010827783612
405,washed,81.08,80.19648578604708,0.8835142139529211
406,washed,84.67,84.80465658084243,0.1346565808424316
407,washed,84.5,84.80465658084243,0.3046565808424333
408,washed,80.5,80.66422598537048,0.1642259853704786
409,washed,79.58,80.52703938649138,0.9470393864913831
410,washed,79.33,79.14804710737664,0.18195289262335734
411,natural,79.0,80.72565660820261,1.7256566082026126
412,washed,78.92,81.26300806514641,2.3430080651464067
413,washed,78.67,81.79169330466536,3.1216933046653565
414,washed,77.5,81.02514714779058,3.5251471477905767
415,washed,76.17,80.51192329539641,4.341923295396413
416,washed,74.0,79.7055478279588,5.705547827958796
417,washed,68.33,80.06167972550934,11.731679725509338
418,washed,88.75,82.69743440751587,6.052565592484129
419,washed,82.25,82.10318784244018,0.1468121575598218
420,washed,80.25,80.47493704696046,0.2249370469604628
421,washed,79.67,80.28399150297844,0.6139915029784362
422,natural,83.75,80.43952705525348,3.3104729447465218
423,washed,83.17,80.40457464236485,2.765425357635152
424,washed,83.17,80.7420583589588,2.427941641041201
425,washed,82.5,81.2591793041033,1.2408206958967014
426,natural,82.33,80.34037767333312,1.9896223266668756
427,washed,82.25,80.03814420228434,2.211855797715657
428,washed,82.17,80.52909205187602,1.6409079481239814
429,semi_washed,81.92,80.4389602468649,1.4810397531351072
430,washed,81.92,80.48263525901694,1.4373647409830568
431,washed,81.75,79.9020457067398,1.8479542932602016
432,washed,81.42,80.46969160676777,0.950308393232234
433,washed,82.33,82.64250774884405,0.3125077488440553
434,washed,81.67,82.61513290397359,0.9451329039735867
435,washed,80.17,81.16242762285734,0.9924276228573348
436,washed,84.58,83.06670106910497,1.5132989308950329
437,washed,82.58,83.3577799581947,0.7777799581946994
438,washed,82.33,80.94583843515758,1.3841615648424153
439,washed,84.17,83.47071213141719,0.6992878685828146
440,washed,83.0,82.82441438937794,0.1755856106220648
441,washed,85.75,82.77398163759942,2.9760183624005805
442,washed,83.67,83.40677581436766,0.26322418563233896
443,natural,82.08,82.65014121630918,0.5701412163091817
444,semi_washed,85.17,82.64365024676056,2.526349753239444
445,washed,84.92,83.34852841320902,1.5714715867909774
446,natural,84.25,82.3452310344645,1.9047689655354958
447,washed,79.0,81.16858755606968,2.1685875560696815
448,washed,80.25,80.94681340179793,0.6968134017979253
449,semi_washed,85.58,82.43793505062351,3.14206494937649
450,natural,84.42,82.6225386822531,1.797461317746908
451,washed,82.92,82.97213248296315,0.05213248296314532
452,washed,82.67,83.41985579519051,0.7498557951905127
453,natural,84.08,82.05161775378411,2.028382246215884
454,natural,83.42,82.645386187236,0.7746138127640023
455,natural,83.33,82.56559587945289,0.7644041205471126
456,washed,77.42,80.43268184273572,3.0126818427357165
457,washed,78.33,80.86499428394978,2.5349942839497857
458,washed,77.83,81.45629624135503,3.6262962413550355
459,washed,80.5,82.20005232333908,1.7000523233390794
460,washed,84.5,81.86703897480106,2.632961025198938
461,washed,83.67,81.86703897480106,1.8029610251989396
462,washed,83.33,81.83833428788081,1.491665712119186
463,washed,82.5,82.10464747103745,0.39535252896254747
464,washed,85.5,82.57474814177284,2.9252518582271563
465,washed,81.83,81.89574366172133,0.06574366172132784
466,washed,82.58,83.4305814490764,0.850581449076401
467,semi_washed,81.83,82.4536795127549,0.6236795127549044
468,washed,81.25,82.37737837587242,1.127378375872425
469,natural,81.83,82.46756332499271,0.637563324992712
470,washed,84.0,83.76603787305001,0.23396212694999008
471,natural,83.08,82.67532294812034,0.4046770518796592
472,washed,82.92,82.59838505564522,0.3216149443547778
473,washed,81.5,81.16298886097282,0.33701113902718305
474,washed,78.92,80.60035346494742,1.6803534649474159
475,semi_washed,84.58,82.47439200727639,2.1056079927236055
476,washed,85.33,83.86812433125563,1.4618756687443692
477,natural,83.0,82.6437650985414,0.35623490145860615
478,washed,82.33,81.13717896353347,1.1928210364665262
479,natural,84.17,82.46977928097611,1.7002207190238892
480,washed,85.58,82.24517938001539,3.3348206199846118
481,natural,82.92,83.71492410571433,0.7949241057143297
482,washed,82.17,83.51984809913216,1.34984809913216
483,natural,83.25,82.53904801252799,0.7109519874720149
484,washed,79.92,81.20337438152089,1.2833743815208862
485,washed,79.75,80.99681493164282,1.2468149316428168
486,washed,79.75,81.16831920573814,1.4183192057381433
487,washed,79.75,81.14528229302958,1.395282293029581
488,washed,79.67,80.57435966624857,0.9043596662485669
489,washed,74.67,80.81182870217455,6.14182870217455
490,washed,83.25,80.82969278711225,2.4203072128877494
491,washed,83.17,81.27970410985586,1.8902958901441451
492,washed,82.75,80.76468190682057,1.9853180931794299
493,washed,82.42,81.09394465342358,1.3260553465764247
494,washed,81.92,80.74794314406978,1.1720568559302222
495,washed,81.67,80.57435966624857,1.095640333751433
496,washed,81.58,80.36493112233042,1.2150688776695802
497,washed,82.58,83.38449487795643,0.8044948779564294
498,washed,85.0,84.26162291362296,0.7383770863770422
499,washed,82.83,81.76921708767605,1.060782912323944
500,washed,85.33,84.45051156619253,0.8794884338074667
501,washed,83.83,82.0049662541815,1.8250337458185015
502,washed,83.5,83.10490320233255,0.3950967976674491
503,natural,83.33,82.6437650985414,0.6862349014586044
504,washed,83.17,82.03234109905196,1.1376589009480398
505,natural,83.0,82.75899546197007,0.2410045380299266
506,washed,78.0,81.14541806924218,3.145418069242183
507,natural,83.75,82.77338426357989,0.9766157364201149
508,natural,77.58,82.25118491770188,4.671184917701879
509,natural,82.25,82.74737555382318,0.49737555382317566
510,washed,82.5,83.40677581436766,0.9067758143676627
511,washed,84.17,82.0096754430295,2.160324556970508
512,washed,82.83,83.31481648566741,0.48481648566740887
513,washed,75.83,81.96027772479653,6.130277724796528
514,natural,84.17,82.09033787286083,2.079662127139173
515,natural,82.0,82.28391901164684,0.2839190116468444
516,washed,83.5,83.38297017965893,0.11702982034107379
517,washed,81.0,82.29851231013646,1.2985123101364593
518,washed,80.0,82.49240848994054,2.4924084899405443
519,washed,77.67,82.21788293432768,4.547882934327674
520,washed,82.17,82.1261918267076,0.04380817329240472
521,washed,83.67,81.50822122682592,2.1617787731740776
522,washed,82.5,81.97359179158731,0.5264082084126898
523,washed,82.42,82.8035655821277,0.38356558212770153
524,washed,82.0,81.74507911254479,0.2549208874552136
525,washed,80.67,82.28263348225406,1.6126334822540542
526,washed,80.33,81.7007391398937,1.3707391398937006
527,washed,74.33,81.78286367450507,7.452863674505068
528,washed,79.5,83.37393414563236,3.8739341456323615
529,washed,84.0,83.31691808947164,0.6830819105283581
530,washed,82.33,83.49451776612592,1.1645177661259254
531,washed,79.67,81.66475974454622,1.994759744546215
532,washed,78.75,81.56560265022947,2.815602650229465
533,washed,84.42,82.03021148209221,2.389788517907789
534,washed,83.42,81.92444834864158,1.4955516513584257
535,washed,82.33,81.29789326962796,1.0321067303720355
536,washed,81.58,81.86272492710422,0.28272492710422625
537,washed,84.58,83.47071213141719,1.1092878685828111
538,washed,84.33,83.5476982406759,0.7823017593240991
539,washed,82.25,81.15425029877086,1.0957497012291384
540,washed,81.83,83.04380800632961,1.2138080063296144
541,washed,85.92,83.18341400988876,2.7365859901112373
542,washed,83.25,83.40078973697483,0.15078973697482922
543,washed,83.0,83.51832340083466,0.5183234008346602
544,washed,80.17,81.86703897480106,1.6970389748010604
545,washed,83.67,83.55656318068431,0.11343681931569449
546,washed,83.75,83.35317846755736,0.39682153244264384
547,washed,84.58,84.31909784513726,0.26090215486273394
548,natural,87.08,84.13795984742038,2.9420401525796223
549,washed,83.83,83.40677581436766,0.42322418563233555
550,natural,86.5,82.83215000843134,3.6678499915686587
551,natural,88.83,82.8304800672191,5.999519932780899
552,washed,82.67,83.34967935666609,0.6796793566660853
553,washed,78.0,80.75197208115829,2.7519720811582857
554,washed,82.92,83.38974275855502,0.46974275855501446
555,washed,82.0,83.41844744547527,1.418447445475266
556,washed,79.75,81.88319586990238,2.13319586990238
557,washed,84.25,83.29790131667718,0.9520986833228164
558,washed,83.33,80.9957172359485,2.334282764051494
559,natural,83.83,82.29111116809528,1.538888831904714
560,washed,81.42,81.97359179158731,0.5535917915873085
561,washed,83.67,83.23289538686763,0.4371046131323766
562,washed,81.58,83.05428067634747,1.474280676347476
563,washed,84.17,84.24322279622059,0.07322279622059114
564,washed,83.0,82.92279039321754,0.07720960678246058
565,washed,83.75,83.51984809913216,0.23015190086783832
566,washed,84.58,83.39706263185712,1.1829373681428734
567,washed,79.17,80.46447275670424,1.2944727567042378
568,natural,82.58,82.03694336828703,0.5430566317129717
569,washed,82.42,82.06637942601995,0.3536205739800522
570,washed,82.42,81.41039721246425,1.009602787535755
571,washed,84.67,83.54559632669306,1.1244036733069436
572,washed,84.58,83.5441681451616,1.035831854838392
573,semi_washed,81.0,82.13546461264701,1.135464612647013
574,washed,80.92,82.23557826176533,1.3155782617653244
575,other,80.92,81.98262455483759,1.0626245548375834
576,washed,80.92,81.97712599341504,1.0571259934150419
577,washed,80.42,81.88951663196427,1.469516631964268
578,other,80.33,82.46406266841943,2.134062668419432
579,semi_washed,80.25,82.25376792466881,2.003767924668807
580,other,80.08,82.09755546308565,2.0175554630856567
581,washed,80.08,81.9418620105954,1.8618620105954022
582,semi_washed,80.08,81.88623911400738,1.8062391140073828
583,washed,80.0,81.9765727904191,1.9765727904190982
584,washed,84.67,82.21651900247035,2.4534809975296525
585,natural,83.83,82.71836188548605,1.1116381145139513
586,other,83.58,82.4099281115573,1.170071888442692
587,other,83.08,82.55017176171967,0.5298282382803308
588,washed,82.67,82.56499388203673,0.10500611796327064
589,semi_washed,82.33,81.85486504964838,0.4751349503516167
590,washed,82.33,82.19098993783105,0.13901006216894984
591,washed,82.25,81.8798476725518,0.3701523274481957
592,other,82.17,82.4580624379685,0.28806243796849174
593,other,81.92,82.40175314725306,0.48175314725305896
594,semi_washed,81.67,82.02917331457058,0.3591733145705831
595,washed,81.67,81.92438481669065,0.2543848166906457
596,other,81.5,82.28509602473551,0.785096024735509
597,semi_washed,81.25,81.92829687890523,0.678296878905229
598,washed,82.92,81.98347389356388,0.9365261064361192
599,natural,82.42,82.86793955610293,0.4479395561029236
600,natural,84.0,82.71836188548605,1.281638114513953
601,semi_washed,83.0,82.01045880236674,0.9895411976332582
602,washed,84.67,81.27661678937795,3.393383210622048
603,washed,80.25,82.33567997252419,2.08567997252419
604,washed,79.33,82.16123325936658,2.8312332593665843
605,semi_washed,82.5,82.8974335685909,0.3974335685908983
606,washed,80.42,81.8763506306914,1.4563506306914036
607,natural,78.75,81.46356211782492,2.713562117824921
608,natural,84.0,82.77103718721037,1.2289628127896322
609,natural,83.92,83.42881945881929,0.49118054118071086
610,washed,81.92,82.12490442453642,0.20490442453642288
611,natural,85.25,83.45676342319625,1.79323657680375
612,natural,76.17,82.80628155602997,6.636281556029971
613,natural,82.83,82.34189209119506,0.4881079088049347
614,washed,83.33,81.50054487237169,1.8294551276283073
615,washed,82.75,82.97766347238965,0.22766347238965068
616,washed,82.42,81.75887444455705,0.6611255554429505
617,washed,82.33,83.23859234071332,0.9085923407133265
618,washed,85.75,80.72930255826296,5.020697441737042
619,washed,81.33,80.99355668438251,0.33644331561748686
620,washed,79.75,81.20586656124381,1.455866561243809
621,washed,83.75,83.27184972869519,0.4781502713048127
622,natural,77.25,81.69615591305659,4.446155913056586
623,natural,80.58,82.7237813992591,2.1437813992590975
624,washed,83.17,82.29688922836377,0.8731107716362345
625,natural,80.5,82.29890211436073,1.7989021143607289
626,natural,82.75,82.60230225070298,0.1476977492970235
627,natural,81.17,81.76456898218136,0.5945689821813573
628,washed,83.75,83.40676015621648,0.3432398437835218
629,natural,82.75,82.33460978982858,0.41539021017142375
630,washed,86.0,83.14176222528981,2.85823777471019
631,washed,78.0,81.65978784509412,3.6597878450941153
632,natural,83.17,82.64968583793794,0.5203141620620642
633,washed,83.33,81.70844229822801,1.6215577017719909
634,washed,83.0,81.70844229822801,1.2915577017719926
635,washed,83.42,82.31157278167257,1.108427218327435
636,natural,83.08,82.1446911019117,0.9353088980882944
637,natural,80.08,81.95222470790223,1.8722247079022338
638,natural,83.33,82.62094485795373,0.7090551420462674
639,washed,78.33,82.15310237423246,3.8231023742324624
640,washed,83.67,82.4534750782692,1.2165249217308087
641,washed,81.42,81.11633663587575,0.30366336412424744
642,natural,80.25,81.89472998678849,1.6447299867884908
643,natural,72.83,81.49017428692423,8.660174286924232
644,washed,84.67,82.27222131784099,2.3977786821590144
645,washed,83.25,82.42439799238409,0.8256020076159132
646,washed,83.0,82.09047539656346,0.9095246034365374
647,natural,82.92,82.55899061388422,0.36100938611578215
648,natural,72.58,82.02302471850432,9.443024718504319
649,natural,85.08,82.30581930371733,2.77418069628267
650,natural,74.42,82.44383150709226,8.023831507092254
651,washed,83.58,83.34435044446816,0.23564955553183609
652,natural,78.0,82.18138047554648,4.181380475546476
653,natural,76.25,82.70264045801878,6.452640458018777
654,natural,78.33,82.67555063730596,4.345550637305962
655,washed,86.0,81.79452606133718,4.20547393866282
656,washed,83.58,83.5441681451616,0.03583185483839202
657,washed,82.08,82.52569082718371,0.4456908271837108
658,washed,84.58,81.89820631479682,2.681793685203175
659,washed,82.83,82.15083034295496,0.679169657045037
660,washed,83.17,82.23859627384181,0.9314037261581944
661,washed,79.42,81.60389991634018,2.183899916340181
662,washed,87.17,82.17635157520182,4.993648424798181
663,washed,82.33,81.7175301596321,0.6124698403678934
664,washed,81.67,81.61864960893486,0.051350391065142276
665,washed,82.92,82.23284683922503,0.6871531607749688
666,washed,83.33,82.07563586382494,1.254364136175056
667,washed,77.33,81.65978784509412,4.329787845094117
668,washed,84.0,83.27595435027642,0.7240456497235783
669,natural,83.5,81.24029471301719,2.2597052869828076
670,natural,83.17,81.21976803307764,1.9502319669223596
671,washed,82.17,81.51572208396486,0.6542779160351415
672,washed,80.75,82.30561569507121,1.5556156950712108
673,natural,83.17,81.07324433876323,2.09675566123677
674,natural,80.67,83.6565811238897,2.9865811238896924
675,washed,82.5,82.12383140850577,0.37616859149423476
676,semi_washed,80.5,82.0357171901349,1.5357171901349034
677,washed,82.58,81.00001725967394,1.5799827403260593
678,washed,80.5,82.0890747584133,1.5890747584133038
679,washed,84.75,81.55041885090543,3.19958114909457
680,washed,80.42,82.56579800875392,2.145798008753914
681,washed,79.0,80.82771718969882,1.8277171896988165
682,washed,78.67,82.8233625809547,4.153362580954692
683,washed,78.5,82.38243255034013,3.882432550340127
684,washed,73.42,80.39641347509354,6.976413475093537
685,washed,81.83,81.82295955122467,0.0070404487753279454
686,washed,81.67,83.09299651176661,1.4229965117666126
687,washed,80.58,81.34433923070858,0.7643392307085861
688,washed,82.0,81.34433923070858,0.6556607692914156
689,washed,80.0,81.71187370205729,1.7118737020572894
690,washed,85.33,82.79089192525223,2.539108074747773
691,washed,85.33,82.24115710438438,3.0888428956156133
692,washed,81.42,81.46500333726297,0.04500333726296901
693,washed,77.25,81.27838542139301,4.028385421393011
694,washed,70.75,81.47607012474342,10.726070124743416
695,washed,81.5,81.54090819984559,0.04090819984558891
696,washed,72.92,81.95145860672108,9.031458606721074
697,semi_washed,82.42,83.07438570477062,0.6543857047706183
698,washed,82.58,81.76376679399155,0.8162332060084481
699,washed,81.17,81.76376679399155,0.5937667939915485
700,natural,79.92,82.3949214467248,2.4749214467247924
701,washed,79.42,81.83006836543981,2.4100683654398125
702,natural,78.0,81.0225696105655,3.0225696105654976
703,natural,76.0,81.27689181101907,5.27689181101907
704,washed,69.33,81.58650250234763,12.25650250234763
705,washed,69.17,81.65113456228232,12.481134562282321
706,washed,69.17,81.58650250234763,12.416502502347626
707,natural,81.83,81.67469561839953,0.1553043816004731
708,natural,81.67,81.64729808926381,0.022701910736188324
709,washed,83.83,81.85387400014855,1.9761259998514475
710,semi_washed,81.67,83.14065925543196,1.4706592554319542
711,washed,80.83,82.10184060225386,1.2718406022538602
712,washed,81.42,82.01703963178825,0.5970396317882489
713,washed,84.0,82.92803683338536,1.071963166614637
714,natural,84.0,83.44299242295175,0.5570075770482532
715,washed,82.75,82.43352352883285,0.3164764711671495
716,washed,81.08,82.1879580636625,1.1079580636625082
717,washed,84.58,81.93061175205136,2.649388247948636
718,washed,86.25,83.65564705137598,2.594352948624021
719,washed,79.08,82.05916275202516,2.979162752025161
720,washed,83.83,81.78940390417395,2.0405960958260465
721,washed,83.75,82.02360583003812,1.7263941699618783
722,washed,83.0,82.21352783976447,0.7864721602355331
723,washed,82.0,81.72178313283271,0.2782168671672878
724,washed,80.92,81.21794261227699,0.2979426122769837
725,washed,82.33,81.84018364359375,0.48981635640625143
726,washed,79.75,82.2411712681945,2.491171268194506
727,washed,79.67,82.27705272282154,2.6070527228215354
728,washed,84.5,82.38985045350849,2.110149546491513
729,washed,84.08,81.60579360113663,2.474206398863373
730,washed,82.75,81.8358695958969,0.9141304041031049
731,washed,82.0,82.27419000281161,0.27419000281160777
732,washed,81.92,82.02880472721695,0.108804727216949
733,natural,83.58,83.49843541117328,0.08156458882672268
734,natural,83.25,83.28810725852955,0.03810725852954988
735,washed,82.67,83.55478907248371,0.8847890724837129
736,washed,86.83,83.5797182281674,3.2502817718326042
737,washed,83.0,84.23357401514914,1.233574015149145
738,washed,85.5,83.1967096782705,2.3032903217295058
739,washed,85.42,83.72243592300387,1.6975640769961302
740,other,84.0,81.98654166084788,2.0134583391521232
741,washed,83.58,83.55926478859774,0.020735211402254095
742,washed,82.92,83.69204572927426,0.7720457292742537
743,washed,82.92,83.1228701233243,0.20287012332430265
744,natural,81.0,83.8806580982134,2.8806580982134022
745,natural,84.83,83.73979388201158,1.0902061179884157
746,natural,83.75,83.02113317740363,0.7288668225963733
747,natural,85.92,83.83792628917155,2.0820737108284533
748,natural,82.58,83.76359951672032,1.1835995167203208
749,washed,84.42,83.38550836579321,1.0344916342067876
750,washed,83.33,81.41226597522751,1.9177340247724857
751,washed,83.08,81.78940390417395,1.2905960958260465
752,washed,82.17,81.41226597522751,0.7577340247724891
753,washed,80.92,81.0944396820245,0.17443968202449867
754,washed,84.17,82.17897694305665,1.991023056943348
755,washed,84.58,83.97433182051488,0.6056681794851215
756,washed,78.58,82.086494814602,3.506494814602007
757,washed,82.0,81.82317440775806,0.17682559224193994
758,washed,79.75,82.0900743776572,2.340074377657203
759,washed,81.92,81.24479871534685,0.6752012846531557
760,semi_washed,81.5,82.34622591770419,0.8462259177041886
761,natural,84.0,81.98891446589401,2.0110855341059874
762,washed,83.5,82.76785675965282,0.7321432403471846
763,washed,82.42,81.72216906488833,0.6978309351116678
764,semi_washed,82.92,80.8007817893029,2.119218210697099
765,natural,82.67,81.86390502240549,0.8060949775945119
766,washed,81.5,82.37951572408532,0.8795157240853229
767,other,84.25,81.96273602613914,2.28726397386086
768,natural,83.42,81.98891446589401,1.4310855341059892
769,washed,77.83,82.30175429313675,4.471754293136755
770,washed,83.17,81.13824766791899,2.0317523320810125
771,natural,81.75,82.37626917364916,0.6262691736491632
772,semi_washed,81.58,82.44779354238071,0.8677935423807099
773,washed,78.58,82.06116607127537,3.481166071275368
774,washed,79.0,82.06116607127537,3.061166071275366
775,washed,82.08,81.94205516491326,0.13794483508674205
776,washed,81.5,82.14499796440626,0.644997964406258
777,semi_washed,86.0,83.6602193902683,2.3397806097317044
778,natural,85.08,82.82712002792718,2.2528799720728188
779,washed,84.17,82.70941765709709,1.4605823429029101
780,washed,83.42,83.34685303620665,0.07314696379334862
781,natural,82.33,82.6161032086938,0.28610320869380246
782,natural,81.83,82.48601177358076,0.656011773580758
783,natural,80.92,82.5206672434915,1.6006672434915004
784,semi_washed,83.83,82.63311466723121,1.1968853327687867
785,washed,83.08,82.50054446945458,0.5794555305454168
786,natural,82.25,82.48601177358076,0.2360117735807563
787,washed,81.67,82.36713624894719,0.6971362489471886
788,semi_washed,80.58,82.50385054736182,1.9238505473618233
789,natural,81.42,82.62323003998651,1.203230039986508
790,washed,80.67,81.18811929828574,0.5181192982857397
791,washed,83.17,83.87475269032835,0.7047526903283483
792,washed,82.0,83.51335025566742,1.5133502556674188
793,washed,81.83,82.50753018396483,0.6775301839648336
794,washed,81.58,82.15153762998312,0.5715376299831263
795,washed,80.67,82.37010534078075,1.7001053407807518
796,washed,82.75,82.43232167772484,0.3176783222751567
797,washed,82.33,82.44001171682316,0.11001171682316624
798,washed,82.25,82.2539744288159,0.003974428815894271
799,washed,81.5,82.47458351745894,0.9745835174589388
800,washed,81.42,82.5378299505865,1.117829950586497
801,washed,81.33,82.23223737640727,0.9022373764072711
802,washed,81.17,81.64573762047112,0.4757376204711221
803,washed,84.08,83.44642100816853,0.6335789918314703
804,washed,83.17,83.37462787857692,0.20462787857691467
805,washed,79.25,82.36357696148103,3.11357696148103
806,washed,82.75,83.46133181652104,0.7113318165210387
807,washed,81.33,81.79829043303808,0.46829043303807794
808,washed,83.67,82.54701650638583,1.1229834936141714
809,washed,80.92,82.233689384611,1.3136893846109956
810,washed,80.42,82.14566399411963,1.7256639941196283
811,washed,80.08,82.30725845455463,2.2272584545546295
812,washed,83.92,82.44202147214084,1.4779785278591646
813,washed,83.25,81.90126276027264,1.348737239727356
814,washed,83.0,82.46732368174354,0.5326763182564633
815,washed,82.67,82.46732368174354,0.20267631825646504
816,washed,81.42,82.09797572804476,0.6779757280447569
817,washed,84.92,82.57976663172408,2.3402333682759178
818,washed,84.25,82.33783497136027,1.912165028639734
819,washed,84.25,82.58356812977419,1.6664318702258072
820,washed,84.17,82.39926996914699,1.7707300308530165
821,washed,83.92,83.44291773963373,0.47708226036627366
822,washed,83.42,82.40349763198402,1.0165023680159777
823,semi_washed,83.33,82.56042780273992,0.7695721972600751
824,washed,83.17,82.23698325821293,0.9330167417870712
825,washed,82.58,82.46979526509705,0.11020473490295046
826,washed,82.5,82.52507191140128,0.025071911401283842
827,washed,81.0,82.6412721305656,1.6412721305655964
828,washed,82.67,82.37742819774752,0.2925718022524819
829,washed,82.17,82.76353414829589,0.5935341482958876
830,washed,81.67,82.30674756469197,0.6367475646919729
831,natural,80.92,81.83176687364181,0.9117668736418096
832,natural,78.42,81.7447775600821,3.3247775600820972
833,other,81.33,81.86471666900441,0.5347166690044105
834,washed,81.25,82.49103987021097,1.2410398702109688
835,washed,81.17,82.42491722320311,1.2549172232031083
836,washed,80.92,82.7743950064166,1.8543950064165955
837,washed,80.33,82.4295859230439,2.099585923043904
838,washed,84.0,82.12649644457736,1.8735035554226442
839,washed,83.5,82.41282980507252,1.0871701949274808
840,washed,82.67,82.805708842159,0.13570884215900492
841,washed,82.5,82.87203841321676,0.3720384132167567
842,washed,82.42,82.41282980507252,0.007170194927482498
843,washed,82.0,82.47672087121632,0.47672087121631535
844,washed,81.58,82.70106106907319,1.1210610690731926
845,washed,81.08,82.4134913944428,1.3334913944428024
846,washed,81.67,82.53262369666352,0.862623696663519
847,washed,81.08,82.52525549975203,1.4452554997520366
848,washed,80.58,82.68042327582188,2.100423275821882
849,washed,81.92,83.08547564043967,1.1654756404396664
850,washed,81.5,81.83259588480216,0.33259588480215996
851,washed,82.08,82.55719381001842,0.4771938100184201
852,washed,81.75,82.6154037945835,0.8654037945835
853,natural,81.17,81.88931635373534,0.7193163537353371
854,natural,80.92,82.25047032521648,1.3304703252164813
855,natural,81.0,82.40958849992981,1.4095884999298107
856,semi_washed,83.42,82.43203836319577,0.9879616368042292
857,natural,82.67,81.64394613812732,1.0260538618726827
858,natural,82.17,82.38578286522107,0.21578286522107248
859,natural,78.25,82.06718340196348,3.817183401963476
860,washed,83.5,83.49639621474228,0.0036037852577237572
861,natural,81.0,81.91575616525921,0.9157561652592108
862,washed,80.17,81.77829673383113,1.608296733831125
863,natural,86.08,84.51545834676207,1.5645416532379244
864,washed,77.92,81.63168544444751,3.711685444447511
865,washed,71.75,81.70591162994901,9.955911629949014
866,washed,81.58,82.47642754276471,0.8964275427647124
867,natural,83.0,82.1911534975197,0.8088465024803071
868,washed,82.58,83.57170566597378,0.9917056659737824
869,washed,82.5,83.6055832225211,1.1055832225211049
870,washed,81.17,83.60945958751584,2.4394595875158416
871,washed,80.25,81.61740597108495,1.367405971084949
872,other,82.83,82.79621204173533,0.03378795826466785
873,washed,80.67,82.38826273041849,1.7182627304184876
874,natural,81.08,83.49449522312307,2.414495223123069
875,washed,82.33,82.18592808934326,0.1440719106567343
876,natural,80.75,81.22938178043617,0.47938178043617086
877,natural,81.17,81.22938178043617,0.05938178043616915
878,washed,83.92,82.35644759176404,1.5635524082359638
879,washed,83.5,82.42406836310528,1.0759316368947225
880,washed,87.92,84.42861888758262,3.491381112417386
881,washed,87.92,84.48957193403454,3.430428065965458
882,washed,87.58,84.24779954993468,3.332200450065315
883,washed,87.25,84.31138581937248,2.9386141806275248
884,washed,87.08,84.30779749732741,2.7722025026725845
885,washed,86.17,84.16409902518039,2.0059009748196104
886,natural,79.75,82.46928903347907,2.719289033479072
887,washed,82.83,83.06011776655244,0.2301177665524392
888,washed,82.17,82.59651944660757,0.42651944660757124
889,other,81.83,81.69659368698296,0.13340631301703354
890,washed,81.25,82.77352141524628,1.5235214152462788
891,natural,87.25,83.70802391986616,3.5419760801338356
892,washed,83.58,83.90161359425112,0.3216135942511187
893,washed,82.08,81.91602708647234,0.1639729135276582
894,natural,84.17,84.21148029652194,0.04148029652193941
895,natural,89.0,84.40694833443867,4.593051665561333
896,natural,88.08,84.51116109138049,3.5688389086195116
897,natural,86.25,84.25720786785682,1.9927921321431796
898,natural,78.58,81.3846360726608,2.8046360726607986
899,washed,81.08,81.71409435380895,0.6340943538089476
900,natural,88.25,84.4660679082497,3.7839320917503017
901,washed,79.83,81.80495854016519,1.97495854016519
902,natural,83.83,85.16948028637505,1.33948028637505
903,natural,83.5,84.49194230498908,0.991942304989081
904,natural,85.5,84.91661120624607,0.5833887937539259
905,washed,85.42,84.48180352748606,0.9381964725139369
906,washed,90.58,83.73218869415074,6.8478113058492625
907,washed,89.92,83.70471434057464,6.215285659425362
908,washed,88.83,83.67737550848462,5.1526244915153825
909,washed,85.83,84.11411352880248,1.7158864711975212
910,washed,83.33,83.4193083518165,0.08930835181649854
911,washed,85.25,83.37994521219088,1.8700547878091243
912,washed,84.17,83.38595741736242,0.7840425826375821
913,washed,82.08,83.61876011552064,1.5387601155206454
914,washed,82.25,81.61932712334199,0.6306728766580108
915,washed,82.17,81.61932712334199,0.5506728766580125
916,natural,83.08,81.81860470602946,1.261395293970537
917,natural,82.33,81.89002161015567,0.43997838984432747
918,washed,81.92,81.80649866780212,0.11350133219788461
919,washed,79.92,82.63460133181806,2.7146013318180593
920,washed,83.0,82.17435292034858,0.8256470796514179
921,washed,80.17,81.39128320458471,1.221283204584708
922,natural,84.17,81.93494350396267,2.2350564960373305
923,natural,84.33,81.66474260515737,2.6652573948426266
924,natural,84.25,81.8596310223283,2.3903689776716988
925,natural,83.42,81.7664686673479,1.6535313326521077
926,washed,83.83,81.84836048690872,1.981639513091281
927,washed,81.83,81.90301114125798,0.0730111412579788
928,washed,81.92,82.62090784673975,0.7009078467397529
929,washed,81.0,82.19210531910763,1.1921053191076254
930,washed,81.83,83.52498727425892,1.6949872742589207
931,washed,83.58,80.69706356057766,2.8829364394223376
932,washed,81.83,81.67758102245423,0.15241897754576428
933,washed,81.42,81.67758102245423,0.2575810224542323
934,washed,81.25,81.67758102245423,0.427581022454234
935,natural,83.08,82.33149329471377,0.748506705286232
936,washed,80.75,81.69149442622637,0.9414944262263703
937,washed,81.33,81.56223030635698,0.23223030635698194
938,washed,81.17,83.4815418491149,2.311541849114903
939,other,80.75,82.57628065490825,1.8262806549082455
940,natural,79.5,81.92130719889482,2.421307198894823
941,washed,84.67,84.5373136383596,0.1326863616403955
942,other,84.67,83.1344507913337,1.5355492086662963
943,natural,85.5,82.5916770097154,2.908322990284603
944,natural,85.5,83.92572240884624,1.5742775911537592
945,natural,85.33,82.96214919362265,2.367850806377348
946,natural,80.75,81.61801641670341,0.8680164167034121
947,natural,82.83,81.4861936413498,1.3438063586501983
948,washed,80.75,81.48930823820315,0.7393082382031508
949,washed,84.75,84.23442028288387,0.5155797171161254
950,washed,84.5,82.60946661611175,1.890533383888254
951,washed,84.25,82.88631888552909,1.3636811144709071
952,washed,83.0,82.13781144925325,0.862188550746751
953,semi_washed,84.92,82.4051462929158,2.5148537070841996
954,washed,83.67,82.27705272282154,1.3929472771784646
955,washed,83.17,82.27705272282154,0.8929472771784646
956,washed,82.58,82.2411712681945,0.3388287318054921
957,washed,82.5,82.2411712681945,0.2588287318054938
958,washed,82.17,82.27705272282154,0.10705272282153544
959,washed,84.0,82.20009701981714,1.799902980182864
960,semi_washed,86.08,82.28532322602611,3.7946767739738902
961,washed,82.92,80.60688303604688,2.313116963953121
962,washed,77.0,80.56286486547639,3.562864865476385
963,washed,80.75,82.64487681245312,1.89487681245312
964,washed,83.25,82.29092673322414,0.9590732667758601
965,washed,81.83,81.03934401956906,0.790655980430941
966,washed,81.17,81.07239321176787,0.09760678823212743
967,washed,79.17,81.64812049020537,2.47812049020537
968,washed,83.17,83.44354295832471,0.2735429583247111
969,natural,79.5,81.50624607536835,2.0062460753683524
970,washed,84.67,83.02256948374894,1.6474305162510632
971,washed,84.5,82.96092563590229,1.539074364097715
972,washed,81.25,81.37694737200273,0.1269473720027321
973,washed,83.0,82.01707078708161,0.9829292129183926
974,washed,82.25,82.72146253948085,0.4714625394808536
975,washed,83.33,81.71357395572197,1.616426044278029
976,natural,83.25,81.98512838938133,1.2648716106186697
977,natural,82.92,81.89865820851624,1.0213417914837635
978,other,80.92,81.66360131392032,0.7436013139203226
979,washed,80.75,81.17358338389016,0.42358338389016126
980,washed,80.5,81.59000791612206,1.0900079161220617
981,natural,80.25,81.7212598563688,1.4712598563688033
982,washed,80.0,81.66736955630896,1.6673695563089552
983,washed,81.83,81.20294105932251,0.627058940677486
984,washed,81.5,81.33735102279421,0.16264897720579086
985,washed,82.83,81.85024701177153,0.9797529882284692
986,washed,82.92,82.62729067531072,0.2927093246892838
987,washed,81.0,81.833347320209,0.8333473202090005
988,washed,82.92,81.98165508104174,0.9383449189582649
989,natural,84.17,81.89059971884083,2.2794002811591696
990,washed,84.17,83.50750388118101,0.6624961188189928
991,washed,83.92,82.70092063252262,1.2190793674773772
992,natural,85.08,83.97394979616843,1.1060502038315718
993,natural,80.25,79.96459133332878,0.28540866667121634
994,natural,82.92,81.25475828162558,1.6652417183744177
995,semi_washed,83.5,82.2717972567475,1.2282027432524956
996,semi_washed,82.58,81.67296426405903,0.9070357359409655
997,natural,81.5,81.62697175727693,0.12697175727693377
998,washed,83.17,82.04259676368298,1.127403236317022
999,natural,80.75,82.49816221386826,1.7481622138682553
1000,natural,83.83,82.60779397473028,1.2222060252697133
1001,natural,83.08,82.41389779492621,0.6661022050737841
1002,natural,82.67,82.60779397473028,0.06220602526971675
1003,natural,82.42,82.60779397473028,0.18779397473028325
1004,natural,82.33,82.82802451770634,0.49802451770634093
1005,natural,82.25,81.7620680464486,0.48793195355139574
1006,natural,82.17,82.5431619147956,0.37316191479560246
1007,natural,82.08,82.5431619147956,0.46316191479560587
1008,natural,81.83,82.5431619147956,0.7131619147956059
1009,natural,81.83,82.61433394617369,0.7843339461736889
1010,natural,81.67,82.60779397473028,0.9377939747302833
1011,natural,81.25,82.5431619147956,1.2931619147956042
1012,semi_washed,83.33,81.87011117924864,1.4598888207513596
1013,washed,82.17,82.59507065154307,0.42507065154306645
1014,washed,80.67,82.25044207192913,1.5804420719291272
1015,washed,84.92,83.28212159425368,1.6378784057463207
1016,washed,84.25,82.52218884032943,1.7278111596705656
1017,washed,83.17,82.23985531432321,0.9301446856767939
1018,washed,82.67,81.87916972853199,0.7908302714680104
1019,washed,82.0,82.787781452445,0.7877814524450031
1020,natural,83.92,82.71863684610197,1.2013631538980292
1021,semi_washed,80.67,82.60619562670806,1.9361956267080558
1022,washed,80.33,82.61514725291696,2.285147252916957
1023,washed,83.5,81.6919979202261,1.8080020797738996
1024,washed,82.42,83.02542619779574,0.6054261977957367
1025,washed,82.17,82.09650877963678,0.07349122036322342
1026,washed,82.0,82.04391387838548,0.04391387838548155
1027,washed,81.17,82.31745309764048,1.1474530976404793
1028,semi_washed,80.5,83.06124387470629,2.5612438747062924
1029,washed,84.25,83.24739263058417,1.002607369415827
1030,washed,83.58,83.23415501239396,0.34584498760604276
1031,washed,83.5,83.22837098393286,0.27162901606713774
1032,natural,81.33,81.7417907036928,0.4117907036928017
1033,natural,83.75,82.64234400965292,1.1076559903470837
1034,natural,83.25,82.50191106572812,0.7480889342718768
1035,washed,86.33,82.27287010456865,4.057129895431345
1036,natural,81.42,82.45623843058313,1.0362384305831256
1037,washed,81.75,82.14329578262561,0.39329578262561427
1038,Missing,73.5,82.55300565490357,9.053005654903572
1039,other,83.0,82.70819487188518,0.2918051281148166
1040,Missing,82.58,82.15585010487503,0.4241498951249696
1041,Missing,83.25,82.44321539470107,0.8067846052989296
1042,Missing,82.42,82.55300565490357,0.1330056549035703
1043,other,82.83,81.07596912610369,1.754030873896312
1044,Missing,83.92,82.44662456156448,1.473375438435525
1045,Missing,81.67,82.98054465013236,1.310544650132357
1046,Missing,80.33,83.51515770820593,3.185157708205935
1047,natural,84.42,82.78556005669977,1.6344399433002366
1048,Missing,80.42,82.38114189139641,1.9611418913964087
1049,Missing,80.5,82.1433208566573,1.6433208566572972
1050,Missing,83.92,82.04616805187813,1.8738319481218753
1051,Missing,83.0,82.46330766371082,0.5366923362891782
1052,Missing,84.33,82.8749867397973,1.4550132602027048
1053,Missing,78.58,81.66255918296999,3.0825591829699874
1054,Missing,83.83,83.04552444902482,0.7844755509751735
1055,Missing,82.67,82.08630162501538,0.5836983749846212
1056,Missing,81.33,82.28460442458979,0.9546044245897889
1057,Missing,80.58,82.22526052787099,1.6452605278709882
1058,washed,82.92,82.55740282385038,0.3625971761496203
1059,Missing,77.83,82.29363096813701,4.463630968137011
1060,Missing,80.58,81.91391964080441,1.3339196408044103
1061,Missing,81.67,81.62402437414801,0.04597562585199455
1062,Missing,83.67,83.37316778077545,0.29683221922455516
1063,Missing,82.17,81.85497982643493,0.31502017356507395
1064,washed,83.5,82.04077236516237,1.4592276348376316
1065,washed,82.5,82.16128209498687,0.3387179050131266
1066,washed,81.42,82.05341928345143,0.6334192834514312
1067,washed,82.83,82.81159837223942,0.018401627760582073
1068,washed,83.17,83.14557117330682,0.024428826693181804
1069,washed,82.67,81.82276658838538,0.8472334116146243
1070,washed,84.33,81.43813049048094,2.8918695095190543
1071,washed,83.17,83.0899933017355,0.0800066982644978
1072,washed,82.75,81.52141316764498,1.2285868323550204
1073,honey,82.33,83.3676051416104,1.037605141610399
1074,washed,84.5,83.3226830673484,1.1773169326516069
1075,washed,84.25,82.40314133278108,1.8468586672189247
1076,natural,84.25,83.22276490900332,1.0272350909966832
1077,washed,83.75,83.24798419356699,0.5020158064330076
1078,washed,83.58,82.86533586799588,0.7146641320041169
1079,washed,83.17,82.96940093870246,0.20059906129753813
1080,natural,82.75,83.07007807218528,0.3200780721852823
1081,washed,82.42,83.44635104414023,1.0263510441402275
1082,natural,85.33,83.46535485753564,1.8646451424643544
1083,washed,87.25,83.19285491300982,4.057145086990175
1084,natural,83.5,82.81367312615012,0.6863268738498789
1085,washed,82.83,82.21551764430521,0.6144823556947898
1086,washed,83.58,82.8322802116969,0.747719788303101
1087,washed,83.42,82.96241633413574,0.4575836658642629
1088,honey,83.08,82.48704366538301,0.5929563346169857
1089,honey,82.75,82.51441851025348,0.23558148974652227
1090,washed,80.25,82.93761556534007,2.6876155653400673
1091,washed,84.08,82.02455575010588,2.0554442498941228
1092,Missing,85.25,81.95901702958145,3.290982970418554
1093,Missing,81.67,83.19462553695281,1.5246255369528114
1094,washed,83.17,82.12817491576517,1.04182508423483
1095,washed,81.67,82.07769663052973,0.4076966305297276
1096,washed,83.33,82.57612239261996,0.7538776073800335
1097,washed,85.0,82.64341061276943,2.3565893872305708
1098,washed,85.92,81.93133141947044,3.9886685805295627
1099,washed,82.33,83.09550667159905,0.7655066715990557
1100,natural,84.83,81.91188936006672,2.918110639933275
1101,washed,84.08,82.10728531954638,1.9727146804536204
1102,washed,83.92,82.18326004115605,1.7367399588439554
1103,honey,86.58,82.7487622342545,3.831237765745499
1104,natural,83.67,82.73517957351825,0.9348204264817497
1105,natural,81.25,82.40194476933362,1.1519447693336247
1106,washed,83.25,84.23230618639874,0.9823061863987448
1107,washed,79.17,82.0193696289758,2.8493696289757935
1108,washed,84.25,82.08861299261648,2.1613870073835244
1109,washed,83.83,81.6728180781159,2.157181921884103
1110,washed,83.17,82.0206247231962,1.149375276803795
1111,washed,84.67,82.92303821377327,1.7469617862267341
1112,washed,84.17,81.99172314291734,2.1782768570826647
1113,washed,84.17,82.1718991663661,1.9981008336338988
1114,washed,82.67,82.67292372303926,0.0029237230392595848
1115,washed,83.83,83.40313102021048,0.42686897978951777
1116,washed,83.5,83.34490017285052,0.15509982714948478
1117,washed,82.17,81.98156508448906,0.18843491551093905
1118,washed,81.33,81.91644922908432,0.5864492290843231
1119,washed,83.33,83.0047024944946,0.3252975055054037
1120,washed,84.17,81.90534927472305,2.264650725276951
1121,honey,84.75,82.81816118465512,1.9318388153448751
1122,washed,83.42,82.80719926755944,0.6128007324405615
1123,natural,82.92,79.6096004738325,3.310399526167501
1124,washed,83.58,82.41085003241207,1.169149967587927
1125,washed,82.33,82.40526450191268,0.07526450191268452
1126,washed,81.58,82.39202229146326,0.8120222914632649
1127,washed,83.0,82.77628422993502,0.22371577006498455
1128,natural,83.0,83.21008587116835,0.21008587116834576
1129,washed,83.42,83.91254320737617,0.49254320737617263
1130,washed,81.0,83.2708564276536,2.270856427653598
1131,washed,81.0,81.73377182829499,0.7337718282949908
1132,washed,81.83,81.43966176878396,0.3903382312160346
1133,natural,84.25,83.6639616156489,0.5860383843510988
1134,washed,82.42,83.09885350992504,0.6788535099250339
1135,natural,85.08,83.25815259553087,1.8218474044691249
1136,other,80.67,82.05099186815109,1.380991868151085
1137,washed,83.25,82.47712326384394,0.7728767361560642
1138,natural,83.92,82.05475465613888,1.865245343861119
1139,natural,83.67,82.42233601064461,1.247663989355388
1140,natural,83.0,82.15713133896412,0.8428686610358795
1141,natural,83.0,82.46909487377746,0.5309051262225353
1142,natural,82.67,82.49535670806198,0.1746432919380254
1143,natural,82.33,82.49535670806198,0.165356708061978
1144,natural,82.17,82.25504925028658,0.0850492502865734
1145,natural,82.08,82.28418887837744,0.20418887837743682
1146,natural,82.0,82.44728787479684,0.4472878747968423
1147,washed,84.17,83.039042629927,1.1309573700730056
1148,washed,84.17,83.29185009593783,0.8781499040621696
1149,washed,82.25,82.08203798778791,0.16796201221208662
1150,honey,81.0,82.64949066992278,1.649490669922784
1151,washed,83.25,82.89668985352091,0.35331014647908887
1152,washed,85.0,81.93749851799302,3.0625014820069794
1153,washed,84.67,82.72587773951994,1.9441222604800572
1154,natural,82.33,82.01672738379294,0.31327261620705826
1155,natural,83.92,82.94467138011342,0.9753286198865823
1156,natural,81.92,82.0587600404324,0.13876004043240187
1157,honey,84.67,81.88227452656017,2.787725473439835
1158,natural,84.25,83.15540895816781,1.0945910418321887
1159,washed,83.33,83.4375089694178,0.10750896941780752
1160,washed,81.33,83.10393787902537,1.7739378790253681
1161,washed,84.67,81.55202478496646,3.117975215033539
1162,washed,84.92,82.76900404120494,2.1509959587950647
1163,washed,84.58,83.039115425889,1.5408845741110042
1164,washed,84.58,83.29361791468513,1.2863820853148695
1165,washed,83.08,82.55000895349936,0.5299910465006406
1166,natural,76.83,82.80930893300244,5.979308933002443
1167,other,81.83,82.67621833100584,0.8462183310058435
1168,washed,82.42,82.12442596461308,0.2955740353869203
1169,natural,81.83,82.22358130674101,0.3935813067410123
1170,honey,83.25,83.23787425676007,0.01212574323993465
1171,washed,85.0,82.55019633860054,2.449803661399457
1172,honey,82.83,82.48704366538301,0.3429563346169857
1173,natural,82.33,81.13288192248584,1.1971180775141619
1174,Missing,83.5,82.39217395989891,1.107826040101088
1175,Missing,83.42,82.39217395989891,1.0278260401010897
1176,Missing,82.58,82.12304016090827,0.45695983909172355
1177,Missing,82.25,82.60061929565168,0.3506192956516827
1178,honey,81.83,82.8157812093027,0.9857812093027007
1179,washed,83.75,82.50788065873405,1.2421193412659477
1180,washed,85.0,83.06202956523722,1.937970434762775
1181,washed,83.42,83.21351666990454,0.20648333009546604
1182,washed,84.33,82.8076643728451,1.5223356271549022
1183,washed,83.5,83.25825962238518,0.2417403776148177
1184,washed,83.08,83.07799168596313,0.002008314036871184
1185,washed,82.08,82.4394704969055,0.3594704969055016
1186,washed,83.25,81.82203803353418,1.4279619664658156
1187,washed,81.17,81.59510193630175,0.4251019363017434
1188,washed,84.5,84.62152415059921,0.12152415059921395
1189,other,84.42,82.73865607980882,1.681343920191182
1190,Missing,83.83,82.73202893945032,1.097971060549682
1191,washed,79.67,82.09955004787038,2.4295500478703786
1192,washed,84.42,82.83458252332356,1.5854174766764402
1193,natural,80.25,81.63055991628407,1.3805599162840707
1194,natural,82.75,81.34110887928105,1.4088911207189483
1195,washed,82.33,81.12340289509208,1.2065971049079138
1196,natural,82.0,81.50641178400964,0.49358821599035707
1197,honey,82.58,82.2858597806672,0.2941402193328031
1198,washed,82.75,83.30507405664575,0.5550740566457506
1199,natural,83.17,82.80699074644964,0.3630092535503593
1200,washed,82.75,82.57463835263431,0.1753616473656905
1201,other,80.17,82.64895293543358,2.4789529354335826
1202,washed,83.42,82.176038343199,1.2439616568010052
