cutoff,skipped,bad_catch,good_killed,precision_kept
79.0,0.0016625103906899418,0.006060606060606061,0.0009633911368015414,0.8634471273938384
79.25,0.0016625103906899418,0.006060606060606061,0.0009633911368015414,0.8634471273938384
79.5,0.0016625103906899418,0.006060606060606061,0.0009633911368015414,0.8634471273938384
79.75,0.011637572734829594,0.006060606060606061,0.012524084778420038,0.8620689655172413
80.0,0.011637572734829594,0.006060606060606061,0.012524084778420038,0.8620689655172413
80.25,0.011637572734829594,0.006060606060606061,0.012524084778420038,0.8620689655172413
80.5,0.014131338320864505,0.006060606060606061,0.015414258188824663,0.8617200674536256
80.75,0.02660016625103907,0.030303030303030304,0.02601156069364162,0.8633646456020495
81.0,0.19617622610141314,0.3393939393939394,0.17341040462427745,0.8872802481902792
81.25,0.24937655860349128,0.49696969696969695,0.21001926782273603,0.9080841638981174
81.5,0.24937655860349128,0.49696969696969695,0.21001926782273603,0.9080841638981174
81.75,0.28345802161263506,0.5333333333333333,0.24373795761078998,0.9106728538283063
82.0,0.43640897755610975,0.7090909090909091,0.3930635838150289,0.9292035398230089
82.25,0.5037406483790524,0.7878787878787878,0.45857418111753373,0.9413735343383585
82.5,0.5519534497090607,0.7878787878787878,0.5144508670520231,0.935064935064935
82.75,0.6982543640897756,0.9030303030303031,0.6657032755298651,0.9559228650137741
83.0,0.7564422277639236,0.9272727272727272,0.7292870905587668,0.9590443686006825
