alpha,l1_ratio,MAE_mean,MAE_std,RMSE_mean
0.0001,0.1,1.665642424815394,0.17592945463100035,2.4030505444624324
0.0001,0.3,1.6656295827003036,0.17593664795619585,2.403021054823211
0.0001,0.5,1.6656168512325895,0.17594369586315434,2.4029918359420352
0.0001,0.7,1.6656040311567977,0.17595092250481573,2.4029625246200608
0.0001,0.9,1.6655906529115956,0.17595788855632977,2.402932658019074
0.0001,1.0,1.665582966706705,0.17595973749086125,2.4029161165589406
0.00017782794100389227,0.1,1.6655898585131876,0.17593956944721162,2.402972196521648
0.00017782794100389227,0.3,1.6655668845824827,0.17595223869589635,2.4029198217867984
0.00017782794100389227,0.5,1.6655442110089378,0.17596475143703078,2.402868033849082
0.00017782794100389227,0.7,1.6655211718095173,0.1759774891911402,2.402815805732389
0.00017782794100389227,0.9,1.66549812276117,0.17599094153296785,2.4027636056040156
0.00017782794100389227,1.0,1.665484787191352,0.1759947363247842,2.4027347417908924
0.00031622776601683794,0.1,1.6654966390156907,0.17595664450145107,2.402833776763349
0.00031622776601683794,0.3,1.6654555140078542,0.17597864813758038,2.40274101379222
0.00031622776601683794,0.5,1.6654144097088222,0.1760006048561403,2.4026486924156387
0.00031622776601683794,0.7,1.6653733623083564,0.17602364053270045,2.4025564135942843
0.00031622776601683794,0.9,1.6653323947009497,0.1760481242651796,2.4024640318233894
0.00031622776601683794,1.0,1.66530856343442,0.17605709602094485,2.4024132752181266
0.0005623413251903491,0.1,1.6653317306358446,0.17598418414771602,2.4025902750982544
0.0005623413251903491,0.3,1.6652566285090498,0.1760214491171209,2.4024255676151918
0.0005623413251903491,0.5,1.6651836056515894,0.17606026814807924,2.4022630928760895
0.0005623413251903491,0.7,1.6651100090055522,0.17610177038903413,2.402100429151836
0.0005623413251903491,0.9,1.6650374724687478,0.17614626106113462,2.4019393433578236
0.0005623413251903491,1.0,1.6649973231933362,0.1761689039890304,2.401855521089685
0.001,0.1,1.6650412103145933,0.17602406820070207,2.4021654180001115
0.001,0.3,1.6649044564156923,0.176085628258013,2.4018750873353616
0.001,0.5,1.6647562910250229,0.17613401944185086,2.4015827303443373
0.001,0.7,1.6646164197031292,0.1761997253179304,2.401295679534905
0.001,0.9,1.664502368476232,0.1762998442286647,2.4010222226797113
0.001,1.0,1.664457452843008,0.17634861529271517,2.400896312794419
0.0017782794100389228,0.1,1.6645338523279078,0.17607024657325365,2.401434449659521
0.0017782794100389228,0.3,1.6642440751028578,0.17612513354882556,2.4009115495546234
0.0017782794100389228,0.5,1.663961809840237,0.17616846896297242,2.400392479863103
0.0017782794100389228,0.7,1.6637391375703294,0.17632385523943586,2.3999080798852352
0.0017782794100389228,0.9,1.6635563423455193,0.17661733936767934,2.399439722072395
0.0017782794100389228,1.0,1.6634542000171393,0.17674276978367223,2.3992237951702498
0.0031622776601683794,0.1,1.663667938388727,0.176081412485768,2.4001975974260326
0.0031622776601683794,0.3,1.663094216115002,0.17606082425095756,2.3992683547165328
0.0031622776601683794,0.5,1.6625538848044203,0.1762082588394187,2.3983601675488115
0.0031622776601683794,0.7,1.66206540735548,0.17652362237635058,2.3975280906247813
0.0031622776601683794,0.9,1.6614420129013872,0.17658778595594019,2.396663431002174
0.0031622776601683794,1.0,1.6610664467078666,0.17655214554659224,2.3962251999793773
0.005623413251903491,0.1,1.662177025231046,0.1759278286610964,2.398139288844517
0.005623413251903491,0.3,1.661084451739977,0.1759240442014284,2.3965383640922524
0.005623413251903491,0.5,1.660044542712415,0.1759842651042845,2.395016604446736
0.005623413251903491,0.7,1.6589766792371612,0.17595990058158703,2.3935517585967228
0.005623413251903491,0.9,1.6578900835012547,0.1758566281728878,2.392292835829755
0.005623413251903491,1.0,1.6573888671837924,0.17580615093515772,2.391773633803097
0.01,0.1,1.6597542017434577,0.17557888743326136,2.3948640976879085
0.01,0.3,1.6579225648565281,0.1753529829203614,2.392324553627379
0.01,0.5,1.6561574021181245,0.17515417780819517,2.3901227777039318
0.01,0.7,1.654518779029821,0.17491700566924234,2.3880299165912495
0.01,0.9,1.6529142403093235,0.17475982027984455,2.3863052790155552
0.01,1.0,1.6521159341278142,0.17471956719871806,2.3854657240621897
0.01778279410038923,0.1,1.6561983482769354,0.1747128741336236,2.3900660386646693
0.01778279410038923,0.3,1.6532601839171235,0.17422068378204542,2.3863128668534963
0.01778279410038923,0.5,1.6505226217945537,0.17378090690958484,2.38304169480953
0.01778279410038923,0.7,1.6477995646398103,0.17345265382065606,2.3800762566506526
0.01778279410038923,0.9,1.6454951226455976,0.17364636437725586,2.377685310401696
0.01778279410038923,1.0,1.6445869382298426,0.17375483766914487,2.37657096205893
0.03162277660168379,0.1,1.651129711121436,0.1735552330401775,2.383370068435056
0.03162277660168379,0.3,1.6464208582429394,0.17245716855729593,2.378031006708443
0.03162277660168379,0.5,1.6426175416041633,0.1723989137131497,2.3738937519169943
0.03162277660168379,0.7,1.6392362021259732,0.17269355081222182,2.370049894451009
0.03162277660168379,0.9,1.636537238896421,0.17224262141859376,2.3668365040331274
0.03162277660168379,1.0,1.635564100310971,0.17201760195660015,2.3656551635201617
0.05623413251903491,0.1,1.6440418746179108,0.17148356254672376,2.3748492261954404
0.05623413251903491,0.3,1.6376081346271465,0.1710364410862871,2.3680586519024196
0.05623413251903491,0.5,1.6328101159984865,0.1712174067228616,2.3625783517428407
0.05623413251903491,0.7,1.6301060859162013,0.1707972560953942,2.3597105854975147
0.05623413251903491,0.9,1.6283344293233089,0.17072324424396643,2.3576910716856205
0.05623413251903491,1.0,1.6277430560394603,0.1703870949046548,2.3571365416288015
0.1,0.1,1.635621621636791,0.16966846690851897,2.364846287118498
0.1,0.3,1.6276854841243718,0.16993004383665652,2.356971070806531
0.1,0.5,1.624064571253506,0.16982657614219848,2.3540648913286497
0.1,0.7,1.6224231436573173,0.16886971279507773,2.355625370742303
0.1,0.9,1.6218503293337108,0.1690177264137074,2.3592149894752126
0.1,1.0,1.6215230021502713,0.16874587668494218,2.360772392191529
0.1778279410038923,0.1,1.6260090273694427,0.1685404432365423,2.3555390004725325
0.1778279410038923,0.3,1.6185312392417515,0.16916857736271168,2.35069267680234
0.1778279410038923,0.5,1.6168086661237453,0.16877719509151357,2.355791391682937
0.1778279410038923,0.7,1.616130656036637,0.17032580650560222,2.361489947410991
0.1778279410038923,0.9,1.6169583574072395,0.17225443310174074,2.366338095306312
0.1778279410038923,1.0,1.6175984421839107,0.17288497443870512,2.368636405944166
0.31622776601683794,0.1,1.6162260457139035,0.16753090021645498,2.34927423479625
0.31622776601683794,0.3,1.6131188760919954,0.16820333278675736,2.355719037914428
0.31622776601683794,0.5,1.6132986981167576,0.17154966020671675,2.364826857216449
0.31622776601683794,0.7,1.6166609810793777,0.17503480514371747,2.375375243965638
0.31622776601683794,0.9,1.6229975795991112,0.17573911885537263,2.387241312638796
0.31622776601683794,1.0,1.6268073504356049,0.17527554192825712,2.393378505569115
0.5623413251903491,0.1,1.6109995546290843,0.16720248293270693,2.35179452480584
0.5623413251903491,0.3,1.612494230414928,0.17185624844388495,2.3694999501815555
0.5623413251903491,0.5,1.6247903673147277,0.17727476540278,2.392692007839649
0.5623413251903491,0.7,1.6425371059330256,0.17887586295108357,2.418539975285583
0.5623413251903491,0.9,1.6613029482437134,0.18122365895293366,2.44603353203557
0.5623413251903491,1.0,1.672624718831771,0.18232200811718377,2.4627604702994708
1.0,0.1,1.612257539069875,0.16788774764221148,2.3678391833204335
1.0,0.3,1.6371916040115093,0.17631543704834574,2.41110809776219
1.0,0.5,1.6740131853112643,0.17989843978983772,2.465630871726524
1.0,0.7,1.7183030142898956,0.18309897667304328,2.528206003437375
1.0,0.9,1.7752860760930438,0.18246587944427545,2.598682125510564
1.0,1.0,1.8001055821940795,0.1756205142073474,2.625402606250957
1.7782794100389228,0.1,1.63321609592981,0.17036998645701612,2.403484819540895
1.7782794100389228,0.3,1.7029201532088514,0.1761650587104772,2.5045554153175624
1.7782794100389228,0.5,1.7870835422472715,0.17659717099540512,2.6112311530744927
1.7782794100389228,0.7,1.8323172375796712,0.15667288868300705,2.661817702484601
1.7782794100389228,0.9,1.8323172375796712,0.15667288868300705,2.661817702484601
1.7782794100389228,1.0,1.8323172375796712,0.15667288868300705,2.661817702484601
3.1622776601683795,0.1,1.6814143871258007,0.17045494543832684,2.4735010009603275
3.1622776601683795,0.3,1.8100950526446062,0.16934484506863945,2.6372031988117346
3.1622776601683795,0.5,1.8323172375796712,0.15667288868300705,2.661817702484601
3.1622776601683795,0.7,1.8323172375796712,0.15667288868300705,2.661817702484601
3.1622776601683795,0.9,1.8323172375796712,0.15667288868300705,2.661817702484601
3.1622776601683795,1.0,1.8323172375796712,0.15667288868300705,2.661817702484601
5.623413251903491,0.1,1.7605886746588038,0.16785105362973612,2.576294327489562
5.623413251903491,0.3,1.8323172375796712,0.15667288868300705,2.661817702484601
5.623413251903491,0.5,1.8323172375796712,0.15667288868300705,2.661817702484601
5.623413251903491,0.7,1.8323172375796712,0.15667288868300705,2.661817702484601
5.623413251903491,0.9,1.8323172375796712,0.15667288868300705,2.661817702484601
5.623413251903491,1.0,1.8323172375796712,0.15667288868300705,2.661817702484601
10.0,0.1,1.8263209156839622,0.1599605767941919,2.655156848579463
10.0,0.3,1.8323172375796712,0.15667288868300705,2.661817702484601
10.0,0.5,1.8323172375796712,0.15667288868300705,2.661817702484601
10.0,0.7,1.8323172375796712,0.15667288868300705,2.661817702484601
10.0,0.9,1.8323172375796712,0.15667288868300705,2.661817702484601
10.0,1.0,1.8323172375796712,0.15667288868300705,2.661817702484601
