alpha,MAE_mean,MAE_std,RMSE_mean
0.01,1.6657038580035948,0.17591682164695177,2.4031429134311426
0.01778279410038923,1.6656989907773074,0.1759175359302675,2.403136032006605
0.03162277660168379,1.6656903395009688,0.17591879845985006,2.4031238038349154
0.05623413251903491,1.6656749677540383,0.1759210194881483,2.403102086829002
0.1,1.6656476722004023,0.1759248936529628,2.403063556119508
0.1778279410038923,1.6655992571984026,0.17593154868728766,2.402995312990128
0.31622776601683794,1.6655135464492257,0.17594266536436895,2.402874808217519
0.5623413251903491,1.6653627395496078,0.17595962539632612,2.402663102678556
1.0,1.6650984982611674,0.17598295879853618,2.4022942848304276
1.7782794100389228,1.664638828654887,0.17600782096449308,2.4016601919750613
3.1622776601683795,1.6638566027031956,0.17600308936313955,2.40059125737337
5.623413251903491,1.6625765426728738,0.1759094425956345,2.398838818507921
10.0,1.6605051846246937,0.1756290471965362,2.396074418009206
17.78279410038923,1.6574110844339927,0.17495741823956468,2.3919360965849834
31.622776601683793,1.6531572249814057,0.17362193873372117,2.386146680647852
56.23413251903491,1.647311865774172,0.17196106281398038,2.378685107012628
100.0,1.6401874020702383,0.17000808507664042,2.3699602329032876
177.82794100389228,1.6321201716193066,0.16855671035692993,2.3609345689592574
316.22776601683796,1.6233245012963458,0.167315508233121,2.353183842090979
562.341325190349,1.615954640862282,0.16577926108615476,2.349039997152146
1000.0,1.611691340861475,0.16529420866413452,2.351912562834554
1778.2794100389228,1.615676647153986,0.16583255317296514,2.366411671198292
3162.2776601683795,1.6326674987016863,0.16719244699928695,2.396975790940341
5623.413251903491,1.6637534825435185,0.16559262839717936,2.4436334482344413
10000.0,1.7042472782049987,0.16233610193788503,2.498572955987675
