feature,VIF
small_bag,11.592512114797028
bag_weight_kg,11.022633887938403
processing_group_washed,7.311148581106936
log_cat1,5.366410408003111
alt_x_washed,5.119127118372505
altitude_m,4.576821211689399
cat2_x_sample,4.567533466469475
category_two_defects,4.3312164631335595
country,4.126212057664337
category_one_defects,4.112074752788231
cert_body,3.503733564917695
processing_group_natural,3.4393412063228372
alt_rel_country,2.883607104472425
specialty_grade,2.6540077723381565
color_green,2.320975020219097
missingindicator_altitude_m,2.1530568882950227
color_blue_green,2.0506914071871343
region,1.9379437723138664
processing_group_semi_washed,1.8809566784645804
moisture_suspect,1.7444904757601498
variety,1.7028112420758195
moisture_pct,1.6191000644572051
altitude_m^2,1.4174202558660038
processing_group_other,1.3524659996517647
missingindicator_bag_weight_kg,1.2736468647690802
n_bags,1.2569679257704456
processing_group_honey,1.1842701131206133
missingindicator_moisture_pct,1.1755107105095313
quakers,1.1228224550189818
missingindicator_n_bags,1.0399933589838661
missingindicator_quakers,1.0049288765328883
